sample_date,sample_time,sampling_site,air_temperature,weather,wind_direction,wind_speed,barometeric_pressure,water_temperature,ph,dissolved_oxygen,conductivity,total_dissolved_solids,salt_ppt,aphanizomenon,dolichospermum,microcystis,planktothrix,raphidiopsis,woronichinia,general_comments,secchi
2021-07-15,12:00:00,Site #2 - Heritage Boat Launch,23.1,,,0-5,762,23.8,8.8,10.9,144,72,,,,,,,,,
2022-04-07,16:22:00,Site #2 - Heritage Boat Launch,22.2,Sunny,S,0-5,760,13,8,11.8,74,30,,No,No,No,No,No,,,
2026-09-17,8:30:00,Site #1 - East Boat Launch,13.9,Sunny,S,0-5,757.1,19.1,6.05,7,109.3,54.7,0.05,No,Yes,No,No,No,No,,
2023-04-11,12:00:00,Site #5 - Fallen Leaf Lake,,,,,,,,,,,,,,,,,,Multi meter not working,
2023-05-25,11:50:00,Site #4 - Round Lake,21.1,Sunny,N,0-5,754.7,21.4,8.7,9.5,110,55,,No,No,No,No,No,,,
2022-08-25,11:00:00,Site #4 - Round Lake,24.4,Sunny,N,0-5,762,25.91,8.9,7.2,138,69,,No,No,No,No,No,,Water appears clear.,
2022-08-31,12:40:00,Site #4 - Round Lake,25.6,Sunny,,0-5,762,25.1,9.17,6.7,136,68,,No,No,No,No,No,,Water green and murky,
2024-11-21,,Site #5 - Fallen Leaf Lake,,,,,,,,,,,,,,,,,,,
2025-03-13,,Site #5 - Fallen Leaf Lake,,,,,,,,,85,,,,,,,,,,
2026-09-10,8:40:00,Site #1 - East Boat Launch,16.1,Sunny,SW,0-5,757.9,20.7,5.9,7.5,110.3,55.2,0.05,No,Yes,No,No,No,No,,
2025-10-02,17:30:00,Site #3 - Lacamas Shores Boat Launch,17,Mostly Cloudy,S,0-5,757.6,20.6,8.6,8.7,164.4,84,0.07,Yes,Yes,No,No,No,No,Other cyanos. No Secchi/water low.,
2025-10-03,5:15:00,Site #4 - Round Lake,18.3,Partly Cloudy,No wind,0-5,760.9,18.3,7.8,5.7,137.5,69,0.07,No,Yes,Yes,Yes,No,Yes,Lake level is very low.  Open dam.,
2023-05-25,14:44:00,Site #5 - Fallen Leaf Lake,21.2,Sunny,NW,0-5,759,22,8.25,6.77,76,35,,No,No,No,No,No,,,
2025-10-02,12:06:00,Site #5 - Fallen Leaf Lake,18.7,Rain,No wind,0-5,764.2,18.7,7.66,5.6,93.2,46.6,0.04,No,No,No,No,No,No,Trawl had Dolico.,
2026-09-03,9:00:00,Site #1 - East Boat Launch,13.3,Rain,SW,0-5,752.7,20.3,5.76,7.2,109.6,54.8,0.05,No,Yes,No,No,No,No,,
2025-10-09,11:40:00,Site #2 - Heritage Boat Launch,15.6,Mostly Cloudy,No wind,0-5,760,16.8,7.4,6.3,141.2,70.6,0.06,Yes,Elevated,Yes,No,No,Elevated,Secchi 110 cm.  scum,
2025-10-09,16:30:00,Site #4 - Round Lake,17.2,Cloudy,No wind,0-5,760.1,16.6,7.2,6.2,119.6,60.6,0.05,Yes,Yes,No,No,No,Yes,Water level low.  No trawl.,
2025-10-09,12:10:00,Site #5 - Fallen Leaf Lake,16.6,Rain,No wind,0-5,760.3,17.6,7.63,6.9,93.5,46.7,0.04,Yes,Yes,No,No,No,No,"Water level low. Trawl had Dolichio, Ciliates & Dinoflags",
2026-08-27,8:30:00,Site #1 - East Boat Launch,18.3,Sunny,W,0-5,758.3,23.4,5.84,6.9,109.6,55,0.05,No,Yes,No,No,No,No,,
2025-10-16,14:20:00,Site #2 - Heritage Boat Launch,14.4,Cloudy,E,0-5,757,15.1,7.5,6.8,142,71,0.06,No,Elevated,No,No,No,No,"Secchi 120cm, diatoms and 7 other cyanobacteria",
2025-10-16,12:30:00,Site #5 - Fallen Leaf Lake,16.7,Cloudy,W,0-5,768.6,16.2,7.2,5.8,93,46.5,0.04,No,Elevated,No,No,No,No,"Trawl w/elevated diatoms, Cilares, Frag, diatoms",
2026-08-20,12:30:00,Site #1 - East Boat Launch,25.6,Sunny,W,0-5,755.2,25.2,6.69,8.7,106.4,53.4,0.05,No,Yes,No,No,No,No,,
2025-10-23,12:55:00,Site #2 - Heritage Boat Launch,17,Mostly Cloudy,E,0-5,761,14.4,7.5,7.3,140.6,70.4,0.06,Yes,Yes,Yes,No,No,No,"Secchi 150cm Scum  along edge, Cilates, Dinoflag",
2026-08-13,9:20:00,Site #1 - East Boat Launch,15,Cloudy,W,0-5,754.5,22.8,5.8,9,104.5,52.3,0.05,No,Yes,No,No,No,No,,
2023-06-01,14:54:00,Site #2 - Heritage Boat Launch,18.3,Sunny,NE,0-5,759,19.2,9.04,,96,48,,No,No,No,No,No,,,
2025-10-22,13:53:00,Site #4 - Round Lake,17.1,Cloudy,S,0-5,765.3,15.2,6.8,6.9,123.1,60.4,0.05,No,Elevated,No,No,No,No,Low level. Lots of scum. No trawl,
2025-10-22,12:30:00,Site #5 - Fallen Leaf Lake,17.2,Cloudy,No wind,0-5,765.8,15,7.8,6.9,92.2,46.8,0.04,No,No,No,No,No,No,Ciliates. Trawl with Dilico & Woroni + other cyanos,
2026-07-30,14:40:00,Site #1 - East Boat Launch,25.6,Sunny,W,5-10,758.7,25.8,8.22,9.4,103.4,51.7,0.05,No,No,Yes,No,No,No,"Eudonna, Flagillaria",
2023-01-12,14:00:00,Site #2 - Heritage Boat Launch,11.1,Cloudy,No wind,0-5,754,7.4,8.7,7.8,50,25,,No,No,No,No,No,,,
2025-10-30,14:00:00,Site #2 - Heritage Boat Launch,12.8,Mostly Cloudy,E,15-20,761,12.7,7.4,7.8,133.1,66.5,0.05,No,Elevated,No,No,No,No,"Secchi 125cm Eudorina, Ceratium, Coelastrum. Very gusty.",
2026-07-30,11:00:00,Site #4 - Round Lake,20.1,Sunny,W,0-5,718.9,20,6.4,6.8,84,59.4,0.06,No,Yes,No,No,No,No,Water level high. Ciliates noted.,
2026-08-28,11:00:00,Site #4 - Round Lake,28.6,Sunny,S,0-5,759,24.2,8.5,7.2,124.8,64.6,0.06,No,No,No,No,No,No,Water clear and no microbes,
2026-08-27,12:16:00,Site #5 - Fallen Leaf Lake,26.3,Sunny,NW,0-5,764.7,24.7,7.9,8.3,89.1,44.6,0.05,No,Yes,No,No,No,No,"Trawl Dolico, Micro & Zoop",
2026-09-03,11:10:00,Site #2 - Heritage Boat Launch,18.6,Partly Cloudy,N,0-5,754,20.9,7.6,6,130,65.1,0.06,Yes,Yes,No,No,No,No,Aph & Doli elevated,
2026-09-04,12:01:00,Site #3 - Lacamas Shores Boat Launch,19,Partly Cloudy,N,0-5,754.2,22.4,7.5,6.7,133.1,66.6,0.06,Yes,Yes,Yes,No,No,No,3 ft. Other cyanos,
2026-09-03,11:00:00,Site #4 - Round Lake,18.2,Partly Cloudy,S,0-5,752.8,20.6,7.7,4.6,129.2,64.7,0.06,No,No,No,No,No,No,other ciliates,
2026-09-10,11:40:00,Site #2 - Heritage Boat Launch,22.6,Partly Cloudy,N,0-5,759,21.6,7.8,8.3,132.2,66.1,0.06,Yes,Yes,No,No,No,No,Secchi 140cm.  Trawl full of all,
2026-09-10,5:00:00,Site #3 - Lacamas Shores Boat Launch,22,Partly Cloudy,NW,5-10,754.9,21.8,7.9,9.6,132.9,66.5,0.06,Yes,Yes,No,No,No,No,other Ciliates. Secchi @ 2.5 ft,
2026-09-10,11:00:00,Site #4 - Round Lake,21.2,Partly Cloudy,S,0-5,758,21.1,7.8,6,131.9,65.9,0.06,No,No,No,No,No,No,other Ciliates,
2021-06-10,17:15:00,Site #3 - Lacamas Shores Boat Launch,21.8,Mostly Cloudy,NW,0-5,759.3,19.4,8.81,6.8,112,56,,No,Yes,No,No,No,,,
2026-07-23,8:45:00,Site #1 - East Boat Launch,18.5,Cloudy,NW,5-10,759.6,25,6.47,8.7,104.5,52.3,0.05,No,No,Yes,No,Yes,No,"I am not certain about my IDs, in general, there was not much in the water, less than previous weeks.",
2021-06-17,10:15:00,Site #2 - Heritage Boat Launch,24,Sunny,,0-5,,20.1,8.8,6.2,126,63,,No,No,No,No,No,,"I am sending photos to Rodger - I didnt have anything in my normal sample, but lots in the trawl!",
2021-06-17,17:15:00,Site #3 - Lacamas Shores Boat Launch,26.3,Sunny,NE,0-5,757.6,23.1,8.6,5.2,120,60,,No,No,No,No,No,,,
2026-07-10,8:40:00,Site #1 - East Boat Launch,15,Sunny,W,0-5,755.8,22.2,6.92,6.6,97.3,48.7,0.05,No,No,No,No,No,No,,
2021-06-24,12:45:00,Site #2 - Heritage Boat Launch,26,Sunny,,0-5,,24.2,9.02,6.2,138,69,,No,No,Yes,No,No,,Depth Visibility 198.12,
2021-06-24,15:14:00,Site #3 - Lacamas Shores Boat Launch,27.1,Sunny,NW,5-10,761.1,26.4,8.59,9,140,70,,No,No,No,No,No,,"Warm weather, water cloudy maybe from boat wake. No target species found.",
2026-06-11,8:35:00,Site #1 - East Boat Launch,7.8,Sunny,SE,0-5,760.9,18.6,8.51,8.1,90.2,45.1,0.04,No,Yes,No,No,No,No,,
2021-07-01,13:45:00,Site #3 - Lacamas Shores Boat Launch,25.1,Cloudy,E,0-5,761.6,26.8,9.3,9,146,73,,No,No,No,No,No,,Water was calm. Test taken after extreme heat event. No target species found.,
2021-07-03,11:45:00,Site #2 - Heritage Boat Launch,25.6,Mostly Cloudy,,0-5,,24,9.06,3.6,142,71,,No,No,No,No,No,,,
2026-06-04,8:40:00,Site #1 - East Boat Launch,13.9,Partly Cloudy,W,0-5,761.8,20.5,8.38,7.4,88.2,44.1,0.04,No,No,No,No,No,No,,
2021-07-08,17:30:00,Site #3 - Lacamas Shores Boat Launch,24.6,Sunny,NW,0-5,756.3,25.1,8.5,5.2,132,67,,Yes,Yes,No,No,Yes,,"Microscope camera not working, but I’m very confident in the id of 3 target species present in very small quantities. Rodger, do you have a spare microscope camera and microscope bulb? My bulb is dying.",
2021-07-09,13:00:00,Site #2 - Heritage Boat Launch,23,Sunny,,0-5,761,23.6,8.8,3.2,142,71,,No,Yes,No,No,No,,Additional photos are from the concentrated sample.,
2026-05-28,8:30:00,Site #1 - East Boat Launch,13.9,Sunny,SW,0-5,751.9,19.7,7.76,7.2,87.4,43.7,0.04,No,Yes,No,No,No,No,,
2021-07-15,13:30:00,Site #3 - Lacamas Shores Boat Launch,21,Sunny,N,0-5,758.1,24.2,8.7,5.6,134,67,,No,No,No,No,No,,,
2026-05-21,8:40:00,Site #1 - East Boat Launch,12.8,Sunny,S,0-5,759.7,17.9,8.19,7.4,84.7,42.4,0.04,No,Yes,No,No,No,No,,
2021-07-22,15:19:00,Site #2 - Heritage Boat Launch,31.8,Sunny,SW,0-5,762,25.6,8.9,6.2,137,67,,No,No,No,No,No,,"This was Elise & Darren Alexander, our 1st entry!",
2021-07-24,14:10:00,Site #3 - Lacamas Shores Boat Launch,31.1,Sunny,E,5-10,,24.2,8.8,3.2,148,74,,No,No,No,No,No,,All photos from concentrated sample,
2026-05-14,5:08:00,Site #1 - East Boat Launch,16.1,Rain,SW,0-5,761.9,18,7.95,7.7,83.6,41.8,0.04,No,No,No,No,No,No,,
2021-07-29,16:20:00,Site #2 - Heritage Boat Launch,27.5,Partly Cloudy,W,0-5,755,25.2,9.1,6.4,142,71,,No,No,No,No,No,,Elise & Darren Alexander took the sample,
2021-07-29,11:45:00,Site #3 - Lacamas Shores Boat Launch,26.3,Sunny,E,0-5,760,24.8,9.3,6.1,148,74,,,,,,,,,
2026-05-07,8:40:00,Site #1 - East Boat Launch,11.1,Partly Cloudy,W,0-5,760.5,17.2,7.74,7.8,78.7,39.4,0.04,No,No,No,No,No,No,"Trawl sample had elevated asterallia, flagillaria, and some dinoflagellates",
2021-08-05,15:24:00,Site #2 - Heritage Boat Launch,25,Mostly Cloudy,NW,0-5,757,26.2,9.6,7.1,154,59,,No,No,No,No,No,,Elise & Darren Alexander,
2021-08-05,14:07:00,Site #3 - Lacamas Shores Boat Launch,25.3,Cloudy,NW,0-5,760,27.4,9.4,3.4,115,77,,No,Yes,No,No,No,,Samples taken and processed by Rodger Hauge.,
2026-04-30,9:40:00,Site #1 - East Boat Launch,20.6,Partly Cloudy,SW,0-5,758.8,15.5,7.6,8.1,74.8,37.4,0.03,No,No,No,No,No,No,,
2021-08-12,14:11:00,Site #2 - Heritage Boat Launch,32.2,Sunny,NW,0-5,755,28,9.3,6.8,160,82,,No,No,No,No,No,,Elise & Darren Alexander,
2021-08-12,11:00:00,Site #3 - Lacamas Shores Boat Launch,30,Sunny,NW,0-5,755.6,25.6,9.25,4.3,156,79,,No,Yes,No,No,No,,,
2026-04-23,8:45:00,Site #1 - East Boat Launch,9.4,Partly Cloudy,W,0-5,762.9,12.8,7.31,7,74.1,37.1,0.03,No,No,No,No,No,No,,
2021-08-19,15:42:00,Site #2 - Heritage Boat Launch,24.1,Sunny,NW,0-5,757,24.6,8.4,7,152,77,,No,Yes,No,No,No,,Elise & Darren Alexander,
2026-04-16,8:40:00,Site #1 - East Boat Launch,4.4,Partly Cloudy,W,0-5,763.5,11.4,7.21,8,77.1,38.6,0.03,No,No,No,No,No,No,Centric & Pennate diatoms noted.,
2021-08-26,15:15:00,Site #2 - Heritage Boat Launch,23.6,Mostly Cloudy,N,0-5,760,23.6,8.5,6.7,148,74,,No,Yes,No,No,No,,,
2021-08-26,14:30:00,Site #3 - Lacamas Shores Boat Launch,21.6,Mostly Cloudy,,0-5,,21,8.8,9,148,74,,Yes,Yes,No,No,No,,Other photos are from the concentrated sample.,
2021-08-26,13:35:00,Site #4 - Round Lake,21.1,Partly Cloudy,W,0-5,760,22.4,9.3,5.3,140,69,,No,Yes,Yes,No,No,,Dolichospermum and Microcystis identified in protocol sample. Abundance slide showed negative. Dolichospermum < 25 per 60.,
2026-04-09,5:00:00,Site #1 - East Boat Launch,24.4,Sunny,E,0-5,732.3,13.1,8.9,13.1,80.2,40.1,0.03,No,No,No,No,No,No,trawl with Centric. Water clear with chunky moss,
2021-09-02,15:26:00,Site #2 - Heritage Boat Launch,24.4,Sunny,NW,0-5,757,21.8,8,8,477,68,,No,Yes,No,Yes,No,,,
2026-03-12,15:30:00,Site #1 - East Boat Launch,7.2,Rain,NW,0-5,764.6,8.9,7.4,6.4,60.2,30.2,0.02,No,No,No,No,No,No,Pennate diatom noted,
2021-09-09,14:50:00,Site #2 - Heritage Boat Launch,26.6,Partly Cloudy,NW,0-5,755,24.8,8.5,8.3,156,77,,No,Yes,No,No,No,,Lake did not seem as green as previous week,
2021-09-09,14:39:00,Site #3 - Lacamas Shores Boat Launch,32,Mostly Cloudy,W,0-5,760,25.7,8.75,7.8,156,77,,No,Yes,No,No,No,,Dolichospermum noted in protocol sample. Abundance slide showed 20/60. Not elevated at this time.,
2021-09-09,15:12:00,Site #4 - Round Lake,26.6,Partly Cloudy,NW,0-5,755,25,8.6,,150,76,,No,Yes,No,No,No,,Pictures uploaded with Heritage Boat Launch data,
2026-03-05,8:30:00,Site #1 - East Boat Launch,7.2,Cloudy,SW,0-5,765.2,9.1,7.2,6.3,69.5,34.8,0.03,No,No,No,No,No,No,Water clear around dock.,
2021-09-16,15:15:00,Site #2 - Heritage Boat Launch,21,Sunny,NW,0-5,757,19,8.2,7,144,73,,No,Yes,No,No,No,,"Lake Level drawdown started, level ~1m below previous level on bank. Slight odor",
2021-09-16,14:10:00,Site #3 - Lacamas Shores Boat Launch,22.2,Sunny,SE,5-10,762,23,8.1,8.8,150,74,,No,Yes,No,No,No,,Target species identified. Not elevated.,
2026-02-26,8:45:00,Site #1 - East Boat Launch,3.9,Sunny,NE,0-5,766.34,7.6,7.4,6.2,67.6,33.9,0.03,No,No,No,No,No,No,Pennate diatom. Woronichi in trawl,
2021-09-23,15:20:00,Site #2 - Heritage Boat Launch,21.4,Sunny,NW,0-5,763,18.6,8.3,7.5,144,72,,No,Yes,No,No,Yes,,Lake level ~2-3 m down from normal level due to annual draining,
2021-09-23,14:00:00,Site #3 - Lacamas Shores Boat Launch,23.4,Sunny,NE,0-5,763.3,23.9,6.37,10.3,150,71,,No,No,Yes,No,No,,Lacamas Lake level low due to dam open for cleaning. Water testing done in shallow water about 4 to 5 inches deep.,
2021-09-29,14:30:00,Site #2 - Heritage Boat Launch,19.2,Mostly Cloudy,NW,0-5,761,17.6,7.7,8.2,144,71,,No,Yes,No,No,No,,"Lake Level is down 3-4m, light scum visible",
2021-09-29,15:00:00,Site #4 - Round Lake,18.8,Mostly Cloudy,NW,0-5,761,17.8,7.4,,132,69,,No,Yes,No,No,No,,"Lake level is down, scum seen at several locations around lake",
2026-02-17,16:39:00,Site #1 - East Boat Launch,7.2,Partly Cloudy,W,0-5,752.7,7.7,7.3,7.2,72.7,,0.03,No,No,No,No,No,No,Water green brown. Other zoopk in trawl,
2021-09-30,14:21:00,Site #3 - Lacamas Shores Boat Launch,17.6,Rain,NW,0-5,767,16,9.3,4.9,138,68,,No,Yes,No,No,No,,Low lake water. Dolichospermum noted in protocol sample. Not elevated at this time. 22 cells out of 64 on abundance slide.,
2026-01-15,16:15:00,Site #1 - East Boat Launch,13.9,Sunny,NW,0-5,764.9,7.5,6.7,,68.6,34.4,0.02,No,No,No,No,No,No,Pennate Diatoms noted,
2021-10-07,14:11:00,Site #2 - Heritage Boat Launch,16,Sunny,N,0-5,759,15.8,8.2,9.6,136,68,,No,Yes,No,No,No,,Lake Level is down,
2021-10-07,12:30:00,Site #3 - Lacamas Shores Boat Launch,14,Cloudy,NE,5-10,760.9,15,6.8,6.5,130,10.6,,Elevated,Elevated,No,No,Yes,,Water level is low due to dam release for gate cleaning.,
2021-10-07,14:57:00,Site #4 - Round Lake,15.7,Sunny,N,0-5,759,14.2,8.1,10.5,132,66,,Yes,Yes,Yes,No,No,,"Lake level is down, large amount of scum in sampling area",
2026-01-08,8:30:00,Site #1 - East Boat Launch,4.4,Partly Cloudy,E,0-5,767.3,7.3,6.5,5.7,69.2,34.9,0.02,No,No,No,No,No,Yes,Water clear and High level.,
2021-10-14,14:30:00,Site #2 - Heritage Boat Launch,15.8,Rain,N,0-5,762,13.2,8.2,10.8,130,62,,No,Yes,No,No,No,,Lake level several meters down,
2021-10-14,14:00:00,Site #3 - Lacamas Shores Boat Launch,16.5,Cloudy,NE,0-5,764.6,12.6,8.5,11.9,124,62,,No,No,No,No,Elevated,,Water was lowest level yet from dam release. Both shallow water sample at 5 inches and deeper water sample at 10 inches results showed Raphidiopsis spp.,
2021-10-14,14:00:00,Site #3 - Lacamas Shores Boat Launch,16.5,Cloudy,NE,0-5,764.6,12.6,8.5,11.9,124,62,,No,Yes,No,No,No,,This is a correction form to the one submitted on 10/14/21. Corrected Cyanobacteria siting from Raphidiopsis to Dolichospermumj.,
2021-10-14,14:56:00,Site #4 - Round Lake,12.3,Rain,N,0-5,765,12,7.7,8.2,114,57,,No,Yes,No,No,No,,Lake level several meters down,
2021-10-20,14:58:00,Site #2 - Heritage Boat Launch,17.9,Mostly Cloudy,N,0-5,757,14,8.5,8.1,136,64,,No,Yes,No,No,No,,Lake levels still down,
2021-10-20,15:15:00,Site #4 - Round Lake,17.7,Mostly Cloudy,N,0-5,757,13.2,17.7,7.2,118,58,,No,Yes,No,No,No,,Lake level still down,
2025-11-06,9:00:00,Site #1 - East Boat Launch,12.8,Cloudy,E,0-5,756.2,11.4,6,3.9,107.5,54,0.05,No,No,No,No,No,No,Trawl with Woronch & Planko,
2021-10-21,14:00:00,Site #3 - Lacamas Shores Boat Launch,20.4,Cloudy,E,5-10,715.3,14,6.76,10.4,12.6,62,,No,Elevated,No,No,No,,Lacamas Lake is still low level. Using the trawl water level is approximately 20.32 cm.,
2025-10-30,12:00:00,Site #1 - East Boat Launch,13.9,Cloudy,E,10-15,,,,,,,,,,,,,,,
2021-10-28,11:15:00,Site #2 - Heritage Boat Launch,16.8,Rain,W,0-5,765,11.8,8.2,3.5,120,60,,No,Yes,No,No,No,,Dolichespurmum noted in protocol sample. 5 cells out of 64 on abundance slide. Not elevated at this time.,
2021-10-28,14:00:00,Site #3 - Lacamas Shores Boat Launch,18.9,Mostly Cloudy,E,5-10,759.4,13,9.2,10.2,126,63,,No,Elevated,No,No,No,,Water level high. Dam gates are closed. Dolichospermum is lysing. Trowll level at 60.96 cm deep.,
2021-10-28,10:30:00,Site #4 - Round Lake,16,Rain,W,0-5,765,11.6,9.1,3.8,114,58,,No,Yes,No,No,No,,Dolichespurmum noted in protocol sample. 4 cells out of 64 on abundance slide. Not elevated at this time.,
2023-01-12,12:30:00,Site #3 - Lacamas Shores Boat Launch,11.4,Cloudy,SE,,754,7.4,9,8.8,56,28,,No,No,No,No,No,,,
2025-10-23,13:30:00,Site #1 - East Boat Launch,18.9,Cloudy,NE,0-5,758,15.7,6.3,5.8,117.2,58.7,0.05,No,No,No,No,No,No,"Trawl: Dolico, Woroni, Voluta",
2021-11-04,15:09:00,Site #2 - Heritage Boat Launch,21.7,Rain,N,0-5,755,10.2,8.3,10.1,92,47,,No,No,No,No,No,,"The air temperature may not be accurate, meter had been inside my jacket because of the rain",
2021-11-04,14:00:00,Site #3 - Lacamas Shores Boat Launch,15.2,Rain,W,0-5,754.8,10,9.71,8.5,104,52,,No,Yes,No,No,No,,"Lacamas Lake dam gates closed and with rain, water level high. One bright green Dolichospermum noted from trowl collected water at about 3 1/2 feet.",
2021-11-04,14:00:00,Site #3 - Lacamas Shores Boat Launch,15.2,Rain,W,0-5,754.8,10,9.7,8.5,104,52,,No,No,No,No,No,,This is a corrected data sheet to identify Pediastrum and not Dolichospermum.,
2021-11-04,15:28:00,Site #4 - Round Lake,15.5,Rain,N,0-5,757,9,7.9,9.1,104,53,,No,No,No,No,No,,Lake level back to near normal,
2025-10-16,14:00:00,Site #1 - East Boat Launch,16.6,Cloudy,No wind,0-5,762,15.7,6.3,5.9,117.6,59.1,0.05,No,Yes,No,No,No,No,"Still low level. Other cyanos.  Trawl: Worch, Diloch, and cyanos",
2021-11-11,13:06:00,Site #2 - Heritage Boat Launch,14.4,Rain,S,0-5,764,9,8.3,11.9,96,48,,No,No,No,No,No,,,
2021-11-11,14:00:00,Site #3 - Lacamas Shores Boat Launch,13.5,Rain,E,5-10,762,8.9,6.6,11.6,102,51,,No,No,No,No,No,,,
2021-11-11,13:23:00,Site #4 - Round Lake,12.6,Rain,S,0-5,763,8.2,7.9,6.2,90,43,,No,No,No,No,No,,,
2025-10-10,14:30:00,Site #1 - East Boat Launch,17.8,Cloudy,No wind,0-5,754,17.6,6.7,6.4,118.4,59.5,0.05,No,Yes,No,No,No,Yes,Trawl had Dolico & Woronich.,
2021-11-18,14:10:00,Site #2 - Heritage Boat Launch,13.4,Cloudy,N,0-5,754,10.2,8.5,12.1,72,36,,No,No,No,No,No,,,
2021-11-18,15:00:00,Site #3 - Lacamas Shores Boat Launch,11.1,Rain,SE,0-5,752.2,8,6.8,11.1,70,35,,No,Yes,No,No,No,,"After speaking with Rodger Hauge, theres one picture thats possibly Dolichospermum. Other pictures have green algae, rotifer, fritillaria. The pH instrument did not work on the day of test and was subsequently tested on 11/19/21 @ 7:00am",
2021-11-18,14:25:00,Site #4 - Round Lake,11.2,Rain,N,0-5,754,8.2,8.1,7.5,64,29,,No,No,No,No,No,,,
2025-09-26,11:30:00,Site #1 - East Boat Launch,18,Sunny,W,0-5,762,20.6,6.6,5.3,117.8,58.9,0.05,No,No,No,No,No,No,"Trawl-Aphanz, Dolico, Woron, Centric diatoms",
2021-11-24,14:00:00,Site #3 - Lacamas Shores Boat Launch,10.1,Mostly Cloudy,NE,0-5,768,6.8,6.8,11.4,66,6.8,,No,No,No,No,No,,Water level high and very turbid. Trawl level at 20.3 cm.,
2021-11-25,13:24:00,Site #2 - Heritage Boat Launch,15.5,Partly Cloudy,S,0-5,764,8.2,8.4,7,72,34,,No,No,No,No,No,,,
2021-11-25,14:20:00,Site #4 - Round Lake,15.5,Partly Cloudy,S,0-5,764,8.2,8.5,9.6,68,35,,No,No,No,No,No,,,
2021-12-01,14:00:00,Site #2 - Heritage Boat Launch,17,Sunny,,0-5,762,10.8,8.1,10.1,72,35,,No,No,No,No,No,,No wind,
2021-12-01,13:38:00,Site #4 - Round Lake,17.6,Sunny,,0-5,763,10.2,8.4,11.3,72,34,,No,No,No,No,No,,No Wind,
2025-09-19,13:30:00,Site #1 - East Boat Launch,24,Sunny,None,0-5,754,21.7,6.73,5.4,118.6,59.3,0.05,No,No,No,No,No,No,Water level down. Trawl had Dolico & Aphan.,
2021-12-02,14:00:00,Site #3 - Lacamas Shores Boat Launch,14.4,Cloudy,NE,0-5,765,6.6,7.3,11.2,48,6.9,,No,No,No,No,No,,Water level high. Wind gusts while testing up to 6-10. Increased clouds. Trawl depth at 30.38 cm. Minimal algae found. Zooplankton seen. Filamentous algae noted.,
2025-09-11,12:00:00,Site #1 - East Boat Launch,16.7,Cloudy,None,0-5,757,22.1,6.5,4.8,118.3,59.4,0.05,No,No,No,No,No,No,"Trawl had Aphion, Dolico & Woronichi",
2021-12-09,14:22:00,Site #2 - Heritage Boat Launch,8.7,Rain,,0-5,758,7,8.6,9.9,58,31,,No,No,No,No,No,,,
2021-12-09,14:00:00,Site #3 - Lacamas Shores Boat Launch,3.8,Rain,N,0-5,757,6.8,7.5,6.8,48,7.1,,No,No,No,No,No,,Water is murky. No target species identified.,
2021-12-09,14:38:00,Site #4 - Round Lake,8.7,Cloudy,,0-5,758,5.2,8.7,12.3,60,30,,No,No,No,No,No,,,
2025-09-04,9:00:00,Site #1 - East Boat Launch,17.8,Partly Cloudy,W,0-5,755,23.7,6.9,4.2,117.1,58.6,0.05,No,Yes,No,No,No,No,Dolico very fragmented.,
2021-12-16,14:30:00,Site #2 - Heritage Boat Launch,8.2,Cloudy,,0-5,760,5.2,8.8,10.7,25,46,,No,No,No,No,No,,,
2021-12-16,14:30:00,Site #3 - Lacamas Shores Boat Launch,6.1,Cloudy,W,0-5,757.1,5.8,8.8,8.2,52,7.1,,No,No,No,No,No,,Calm water with a light sprinkle of rain. No target species identified.,
2021-12-16,14:46:00,Site #4 - Round Lake,8.2,Cloudy,,0-5,760,4.2,8.3,11.8,54,27,,No,No,No,No,No,,,
2025-08-28,8:30:00,Site #1 - East Boat Launch,16.1,Partly Cloudy,W,0-5,753.7,25.1,7.1,4.9,115.6,57.9,0.06,No,Yes,No,No,No,No,"Dinflags noted. Water level a little higher, clear around dock.",
2021-12-23,10:21:00,Site #2 - Heritage Boat Launch,6.5,Partly Cloudy,,0-5,748,5.2,8.7,11.9,46,23,,No,No,No,No,No,,,
2021-12-23,14:00:00,Site #3 - Lacamas Shores Boat Launch,11.3,Partly Cloudy,NW,0-5,746,5.8,9.2,8.9,50,24,,No,No,No,No,No,,Lacamas Lake dam gates are open to release water and prevent flooding. No target species identified.,
2025-08-20,8:20:00,Site #1 - East Boat Launch,18.3,Cloudy,W,0-5,761.2,23.1,9.4,5.6,114.4,50.6,0.06,No,Yes,No,No,No,No,Trawl had Fragi,
2021-12-30,14:00:00,Site #3 - Lacamas Shores Boat Launch,10.3,Rain,NW,0-5,749.6,6.6,9,11.8,52,33.8,,No,No,No,No,No,,Water level was below the dock. Heavy rain with no wind. Trawl water had a lot of sediment but no target species. Trawl water level was about 25.4 cm.,
2021-12-31,13:50:00,Site #2 - Heritage Boat Launch,1.1,Partly Cloudy,S,0-5,758,2,8.6,12.8,46,23,,No,No,No,No,No,,Sample taken from the shore due to icy dock,
2022-01-05,14:30:00,Site #5 - Fallen Leaf Lake,10.2,Rain,N,0-5,,,,,,,,,,,,,,,
2025-08-14,10:00:00,Site #1 - East Boat Launch,20,Partly Cloudy,S,0-5,762,22.8,7.3,6.2,112.3,56.2,0.05,No,Yes,No,No,No,No,Dinofl & Other Zoopl noted.  Trawl had Worinich & Aphaniz,
2022-01-06,10:55:00,Site #2 - Heritage Boat Launch,8.9,Rain,S,0-5,759,3,8.7,10.5,48,23,,No,No,No,No,No,,Water levels very high due to recent rain,
2022-01-06,14:00:00,Site #3 - Lacamas Shores Boat Launch,11.9,Cloudy,NE,0-5,751.6,9.2,8.3,7.6,57,37,,No,No,No,No,No,,High water level due to heavy rain. Water is murky. Occasional sprinkles with wind gusts up to 7 mph.,
2025-08-07,13:00:00,Site #1 - East Boat Launch,20,Partly Cloudy,S,0-5,762,22.8,7.3,6.2,112.3,56.2,0.05,No,Yes,No,No,No,No,Dinoflg & other zoopl in trawl,
2022-01-13,14:37:00,Site #2 - Heritage Boat Launch,7.2,Rain,,0-5,762,6,8.7,13.4,44,20,,No,No,No,No,No,,,
2022-01-13,14:00:00,Site #3 - Lacamas Shores Boat Launch,7.2,Rain,NE,0-5,763.8,9.4,12.8,8.4,44,35,,No,No,No,No,No,,,
2025-07-31,11:30:00,Site #1 - East Boat Launch,19.4,Mostly Cloudy,W,0-5,756,23.7,7.6,5.5,119,55.9,0.05,Yes,Yes,No,No,No,No,Trawl Dolciospermum,
2022-01-20,16:03:00,Site #2 - Heritage Boat Launch,10.5,Mostly Cloudy,N,0-5,765,5.4,8.7,15.9,44,22,,No,No,No,No,No,,,
2022-01-20,14:00:00,Site #3 - Lacamas Shores Boat Launch,15.1,Partly Cloudy,N,0-5,765,9.1,8.1,9.4,56,28,,No,No,No,No,No,,Didnt see much. found some diatom fragilaria. Thanks,
2025-07-23,15:00:00,Site #1 - East Boat Launch,32,Sunny,SW,0-5,756,26.7,7.57,4.9,110,73.9,0.05,Yes,Yes,No,No,No,Yes,Dinoflag. Trawl had same,
2022-01-27,14:50:00,Site #2 - Heritage Boat Launch,6.1,Sunny,W,5-10,768,4.4,8.5,15,46,23,,No,No,No,No,No,,,
2022-01-27,14:00:00,Site #3 - Lacamas Shores Boat Launch,5,Sunny,E,20-25,768.3,5.4,7.6,10.7,35,39,,No,No,No,No,No,,Strong East wind rolling the dock up and down making it difficult to get readings. No target species identified.,
2025-07-18,12:30:00,Site #1 - East Boat Launch,25,Sunny,W,0-5,754,25.9,6.9,6.4,109.5,62,0.05,No,Yes,No,No,No,Yes,Trawl: Dolicospermum,
2022-02-03,14:48:00,Site #2 - Heritage Boat Launch,8.3,Partly Cloudy,SW,0-5,769,5.2,8.8,11,42,25,,No,No,No,No,No,,,
2022-02-03,14:00:00,Site #3 - Lacamas Shores Boat Launch,15.9,Mostly Cloudy,W,0-5,769.9,7.7,8.1,8.7,64,39,,No,No,No,No,No,,"Lake very calm, no wind. No PH reading due to a dead battery. Lake level high.",
2025-07-10,15:00:00,Site #1 - East Boat Launch,25,Partly Cloudy,NW,0-5,761,25.2,7.7,6.8,104.1,52.1,0.05,No,Yes,No,No,No,Yes,"Trawl: Fragilli, Eudonia, Doliciosp",
2022-02-10,15:21:00,Site #2 - Heritage Boat Launch,7.8,Mostly Cloudy,,0-5,768,6.2,8.9,15.9,60,29,,No,No,No,No,No,,,
2022-02-10,14:15:00,Site #3 - Lacamas Shores Boat Launch,9.5,Cloudy,W,0-5,768.4,5,8.4,4.9,68,34,,No,No,No,Yes,No,,The water level remains the same as the last several weeks. Todays water sample with the identified Planktothrix was collected using a trawl collecting water 10 ft/304 cm from the shoreline and about 1 ft/38 cm beneath the water surface.,
2025-07-03,13:30:00,Site #1 - East Boat Launch,22.23,Sunny,W,0-5,756,23.8,7.9,6.9,102.9,54.5,0.05,No,No,No,No,No,No,Trawl had Dinoflag,
2022-02-17,14:19:00,Site #2 - Heritage Boat Launch,9.4,Mostly Cloudy,NW,0-5,770,8,8.5,15.6,48,31,,No,No,No,No,No,,,
2022-02-17,15:00:00,Site #3 - Lacamas Shores Boat Launch,13,Partly Cloudy,SE,0-5,769,8.7,8.7,7.7,76,38,,No,No,No,No,No,,,
2022-02-24,14:34:00,Site #2 - Heritage Boat Launch,3.9,Sunny,S,0-5,769,3,8.7,16.2,48,29,,No,No,No,No,No,,,
2022-03-03,15:03:00,Site #2 - Heritage Boat Launch,3.9,Partly Cloudy,N,0-5,762,8,8.5,13.8,44,20,,No,No,No,No,No,,,
2022-03-03,13:30:00,Site #3 - Lacamas Shores Boat Launch,14.6,Partly Cloudy,W,0-5,761.8,9.4,8.3,2.7,48,24,,No,No,No,No,No,,Intermittent showers occurred. No target species identified. Information in Notes box on data sheet relates to mid lake water samples. (Samples taken by kayaking to mid lake.),
2025-06-26,16:00:00,Site #1 - East Boat Launch,18.9,Mostly Cloudy,NW,0-5,756.9,21.4,8,7,100.8,50.4,0.05,No,No,No,No,No,Yes,Fragilliari in protocol. Trawl Dino & Zooplanktons,
2022-03-10,14:25:00,Site #2 - Heritage Boat Launch,8.9,Partly Cloudy,N,0-5,767,8.2,8.6,16.3,48,29,,No,No,No,No,No,,,
2022-03-10,13:15:00,Site #3 - Lacamas Shores Boat Launch,11.5,Sunny,W,0-5,766.8,10.3,8.6,11.2,56,46,,No,No,No,No,No,,Water was murky and water level still high. No target species identified.,
2022-03-17,14:56:00,Site #2 - Heritage Boat Launch,9.4,Rain,SE,0-5,763,8.2,8.8,15.2,54,27,,No,No,No,No,No,,,
2022-03-17,12:15:00,Site #3 - Lacamas Shores Boat Launch,12.6,Cloudy,E,0-5,762.7,11.5,8.1,11.2,62,48,,No,No,No,Yes,No,,Water lower level than last week causing some murkiness. Eudorina are like shooting stars across the microscope slide.,
2022-03-24,13:00:00,Site #3 - Lacamas Shores Boat Launch,22,Sunny,E,0-5,761.2,16.8,7.8,6.8,72,39,,No,No,No,No,No,,No wind. Water is murky. Temperatures warmed up quickly from 3.9c at 0800 to 22.0c. No target species identified. Eudorina identified.,
2022-03-25,14:59:00,Site #2 - Heritage Boat Launch,17.2,Partly Cloudy,N,0-5,760,10,8.5,15.9,58,33,,No,No,No,No,No,,,
2022-03-31,14:30:00,Site #2 - Heritage Boat Launch,12.2,Partly Cloudy,SW,0-5,764,11,8.3,15.3,64,32,,No,No,No,No,No,,,
2025-10-30,16:46:00,Site #3 - Lacamas Shores Boat Launch,12.4,Cloudy,E,15-20,771.2,12.6,7.1,10.1,131.5,65.7,0.07,No,No,No,No,No,Yes,"Secchi 1.5 meters. Very windy and white caps, no trawl, lots of non organic particles",
2025-10-30,16:23:00,Site #4 - Round Lake,12.6,Cloudy,SE,10-15,770.4,12.6,7.1,8,129.7,65.1,0.06,No,No,No,No,No,Yes,"Water level up from rain. Small Woronichinia, very windy. No trawl.",
2025-10-30,12:20:00,Site #5 - Fallen Leaf Lake,13.8,Cloudy,SE,5-10,770.8,13.3,7.8,5.6,91.9,46,0.03,No,No,No,No,No,No,"Trawl with Dolico, Woronic & plankto",
2025-06-12,11:30:00,Site #1 - East Boat Launch,24.4,Sunny,W,5-10,762.7,21.7,7.5,10.3,103.5,57.8,0.05,Yes,No,No,No,No,No,Pennate & Flagilaria Secchi 1.2 meter,
2025-11-06,9:50:00,Site #2 - Heritage Boat Launch,13.3,Rain,N,0-5,758,11.6,7.2,7.1,123.1,61.5,0.05,No,Yes,No,No,No,No,Secchi 90cm. Coelastrum & Dinophyceae noted,
2025-11-06,11:10:00,Site #3 - Lacamas Shores Boat Launch,12.2,Cloudy,E,0-5,762.1,11.5,6.8,7.8,121.9,60.9,0.05,No,Yes,No,No,No,Yes,Secchi 15.5cm. Minute worchi & micro noted.,
2022-03-31,14:15:00,Site #3 - Lacamas Shores Boat Launch,13.1,Partly Cloudy,NW,5-10,763.4,13.6,6.8,9.5,74,43,,No,No,No,No,No,,No target species identified. Lake level has dropped 4 feet+. Wind gusts up to 7mph.,
2022-04-07,15:00:00,Site #3 - Lacamas Shores Boat Launch,20.5,Sunny,SE,10-15,760.6,11.8,4.3,8.7,74,37,,No,No,No,No,No,,wind at 11 mph with gusts up to 14 creating small white caps. Had a hard time tossing the trawl. No target species identified.,
2022-04-14,13:30:00,Site #3 - Lacamas Shores Boat Launch,11.2,Partly Cloudy,NE,0-5,756,8.4,,6.9,70,35,,No,No,No,No,No,,instrument for Ph reading didnt work.,
2022-04-21,14:50:00,Site #2 - Heritage Boat Launch,16.1,Mostly Cloudy,SW,0-5,753,9,7.7,9.1,62,32,,No,No,No,No,No,,,
2022-04-21,13:30:00,Site #3 - Lacamas Shores Boat Launch,17.3,Partly Cloudy,NE,0-5,753.3,11.4,7.9,8.6,68,34,,No,No,No,No,No,,No Targets. Murky water.,
2022-04-28,14:48:00,Site #2 - Heritage Boat Launch,12.2,Partly Cloudy,N,0-5,757,12,8.1,,72,37,,No,No,No,No,No,,,
2022-04-28,10:30:00,Site #3 - Lacamas Shores Boat Launch,13.7,Mostly Cloudy,SE,0-5,759.2,12.8,8,5.1,72,36,,No,No,No,No,No,,"Water is murky, still high water level. Started raining. No Target Species.",
2022-05-04,10:30:00,Site #3 - Lacamas Shores Boat Launch,15.2,Sunny,NE,0-5,759.1,14.4,7.9,6.1,74,32,,No,No,No,No,No,,Lake water level has dropped at least 2 feet since last week. No target species identified. The photos attached are mid lake trawl samples - no target species.,
2022-05-05,15:48:00,Site #2 - Heritage Boat Launch,10.6,Rain,,0-5,750,13.2,8.4,9.6,78,39,,No,No,No,No,No,,,
2025-06-05,11:00:00,Site #1 - East Boat Launch,20.1,Mostly Cloudy,NW,0-5,765,20.8,7.6,8.7,93.7,42.8,0.04,No,No,No,No,No,No,"Centric, Dinoflg, & Flagaril noted in protocal",
2022-05-12,14:54:00,Site #2 - Heritage Boat Launch,10,Rain,N,0-5,760,12.2,7.8,10,66,33,,No,No,No,No,No,,,
2022-05-12,14:00:00,Site #3 - Lacamas Shores Boat Launch,13.3,Rain,NE,0-5,759.3,11.6,7.8,5.7,71,38,,No,No,No,No,No,,No target species identified.,
2022-05-19,13:42:00,Site #2 - Heritage Boat Launch,8.9,Partly Cloudy,N,0-5,764,5.5,7.7,10.6,64,35,,No,No,No,No,No,,,
2022-05-19,15:00:00,Site #3 - Lacamas Shores Boat Launch,20.2,Partly Cloudy,NW,0-5,761.3,15.1,7.9,3.6,74,55,,No,No,No,No,No,,Showers on and off. No target species identified. Other Zooplankton identified as Eudorina.,
2022-05-23,14:59:00,Site #2 - Heritage Boat Launch,20,Partly Cloudy,N,0-5,762,18.2,8.74,11.7,74,47,,No,No,No,No,No,,,
2025-05-29,14:30:00,Site #1 - East Boat Launch,21.5,Cloudy,NW,0-5,762,21.3,7,6.9,93.5,46.8,0.04,No,No,No,No,No,No,Trawl had all the other cyanos.,
2022-05-26,14:00:00,Site #3 - Lacamas Shores Boat Launch,26.8,Rain,NW,0-5,752.7,20.3,9.3,2.2,90,45,,No,No,No,No,No,,No target species.,
2022-05-30,15:01:00,Site #2 - Heritage Boat Launch,15.5,Partly Cloudy,N,0-5,762,15,8.8,10.7,72,42,,No,No,No,No,No,,,
2022-06-02,13:30:00,Site #3 - Lacamas Shores Boat Launch,25.5,Partly Cloudy,N,0-5,751.3,21.6,9.3,2.9,9.6,48,,No,No,No,No,No,,This data is from the center of the lake and not the dock,
2022-06-02,13:45:00,Site #3 - Lacamas Shores Boat Launch,27.6,Partly Cloudy,N,0-5,753.1,19.9,9.1,2,9.4,47,,No,No,No,No,No,,no targets.,
2022-06-09,14:51:00,Site #2 - Heritage Boat Launch,18.8,Rain,N,0-5,756,18,8.3,9.7,88,47,,No,No,No,No,No,,,
2022-06-16,14:30:00,Site #2 - Heritage Boat Launch,18.3,Partly Cloudy,NE,0-5,756,17.4,7.3,8.5,78,29,,No,No,No,No,No,,,
2022-06-16,13:45:00,Site #3 - Lacamas Shores Boat Launch,20,Partly Cloudy,NE,0-5,756.2,16.6,7.6,32,72,36,,No,No,No,No,No,,No target species identified. Recent rains have added to high lake level. Water is murky.,
2025-05-22,13:00:00,Site #1 - East Boat Launch,12.2,Mostly Cloudy,No wind,0-5,760.2,18,6.8,6,91.6,45.9,0.04,No,No,No,No,No,No,Trawl had dinoflag & Fragill,
2022-06-23,14:43:00,Site #2 - Heritage Boat Launch,21.7,Sunny,S,0-5,761,21.4,8.7,11.3,78,44,,No,No,No,No,No,,,
2022-06-23,12:15:00,Site #3 - Lacamas Shores Boat Launch,21.7,Sunny,W,0-5,761,19.4,7.9,11.9,76,42,,No,No,No,No,No,,Water clear small ripple on lake.,
2022-06-23,15:03:00,Site #4 - Round Lake,21.7,Sunny,S,0-5,761,22,9,11,62,38,,No,No,No,No,Yes,,Not 100% sure on Raphidiosis ID,
2022-06-23,15:03:00,Site #4 - Round Lake,21.7,Sunny,S,0-5,761,22,9.02,11,62,38,,No,No,No,No,No,,"Asterionella 3/64 abundance, Frogillaria 5/64 abundance",
2025-05-15,12:30:00,Site #1 - East Boat Launch,13.9,Mostly Cloudy,SW,0-5,761,17.3,9.8,6.5,89.5,44.7,0.04,No,No,No,No,No,No,"Water level higher. Trawl had Rotifer, Eudo & Fragi",
2022-06-30,15:25:00,Site #2 - Heritage Boat Launch,22.2,Sunny,N,0-5,749,22,7.75,9.1,74,49,,No,No,No,No,No,,Secchi 1.3 m,
2022-06-30,13:45:00,Site #3 - Lacamas Shores Boat Launch,22.6,Sunny,W,0-5,759.4,21.8,7.8,3.7,90,45,,No,No,No,No,No,,Water murky water level is higher than last week no target species,
2022-06-30,11:45:00,Site #4 - Round Lake,20.8,Sunny,N,0-5,764.3,24.2,9.2,8.4,88,41,,No,No,No,No,No,,Water clear small ripple on lake,
2022-07-07,15:40:00,Site #2 - Heritage Boat Launch,22.2,Partly Cloudy,N,0-5,759,22,8.02,8.9,104,50,,No,No,No,No,No,,Secchi 2 m,
2022-07-07,12:15:00,Site #3 - Lacamas Shores Boat Launch,22,Partly Cloudy,W,0-5,759,22.2,7.85,2.4,92,46,,No,No,No,Yes,No,,"Water has green slime. Shallow water with some Raphidiopsis & Planktothrix, nothing in trawl",
2022-07-07,11:00:00,Site #4 - Round Lake,20.3,Partly Cloudy,N,0-5,762,21.2,8.9,7.5,88,43,,No,No,No,No,No,,No target specie identified in protocol sample. High population of Dolichospermum in trawl sample.,
2025-05-08,16:10:00,Site #1 - East Boat Launch,20,Partly Cloudy,S,0-5,761,19.1,8.3,7.6,88.1,44.1,0.05,No,No,No,No,No,No,Fragillaria & Asterallia in trawl,
2025-05-01,13:30:00,Site #1 - East Boat Launch,25,Sunny,NE,0-5,754.8,18.1,7.6,7.9,84.1,42.1,0.04,No,No,No,No,No,No,Asterionella in protocol & trawl.,
2022-07-14,16:10:00,Site #2 - Heritage Boat Launch,26.1,Sunny,E,0-5,757,25,8.42,9.3,88,46,,No,No,No,No,No,,Secchi 1.5 m,
2022-07-14,13:30:00,Site #3 - Lacamas Shores Boat Launch,26.2,Sunny,W,0-5,757.9,24.1,7.5,3.6,70,35,,No,Yes,No,No,No,,Water level high and clear,
2022-07-14,12:35:00,Site #4 - Round Lake,29.8,Sunny,N,0-5,761.5,27.6,9.3,8.6,108,56,,No,No,No,No,No,,No target species identified in protocol sample,
2025-04-17,13:30:00,Site #1 - East Boat Launch,19.6,Sunny,W,0-5,760.6,14.1,7.2,9.4,78.2,39.1,0.03,No,No,No,No,No,No,Water level higher. No targets.,
2022-07-21,14:00:00,Site #2 - Heritage Boat Launch,27.7,Sunny,N,0-5,758,27.6,7.78,8.7,68,54,,No,Yes,No,No,No,,Secchi 210 cm. Dolichospermum 1/64 on abundance slide,
2022-07-21,15:00:00,Site #3 - Lacamas Shores Boat Launch,32.1,Sunny,W,0-5,757.1,34.6,,8.2,79,94,,No,No,No,No,No,,"Microcystis and Dolichospermum located and elevated in trawl sample. Water is murky, gusts of wind to 8 mph, scattered clouds. Lots of boats on the lake.",
2022-07-21,12:30:00,Site #4 - Round Lake,29.6,Sunny,N,0-5,762,28.4,8.4,5.4,122,61,,No,No,No,No,No,,No target species in protocol sample. Microcystis and Dolichospermum located in trawl sample in low numbers,
2025-04-03,13:00:00,Site #1 - East Boat Launch,10,Cloudy,W,0-5,762,11.3,6.95,6.3,76.4,35.6,,No,No,No,No,No,No,,
2022-07-28,14:54:00,Site #2 - Heritage Boat Launch,30,Sunny,SW,0-5,755,29.6,7.89,8.4,130,58,,No,Yes,No,No,No,,Secchi 1.5 m. Dolichospermum 3/64 of abundance slide,
2022-07-28,15:15:00,Site #3 - Lacamas Shores Boat Launch,37.5,Sunny,W,0-5,754,28.1,10.7,7.8,78,86,,No,Yes,Yes,No,Yes,,"High water lever, murky, lots of boats. Dolichospermum, Microcystis & P",
2022-07-28,12:00:00,Site #4 - Round Lake,26.8,Sunny,NE,0-5,759.4,27.4,8.6,6.3,130,64,,No,No,No,Yes,No,,"Planktothrix located in protocol sample, not elevated.",
2025-03-20,12:30:00,Site #1 - East Boat Launch,8.3,Rain,W,0-5,760,8.8,6.7,,70,32.8,,No,No,No,No,No,No,DO reading @ 54.5.  Set at a diffent point.,
2022-08-04,14:20:00,Site #2 - Heritage Boat Launch,22.2,Partly Cloudy,N,0-5,759,26,7.98,12.6,116,65,,No,No,No,No,No,,Secchi 1.3 m,
2022-08-04,9:45:00,Site #3 - Lacamas Shores Boat Launch,26.1,Cloudy,No wind,0-5,757.6,24.9,,8.29,116,58,,No,No,No,No,No,,,
2022-08-04,11:30:00,Site #4 - Round Lake,23.4,Partly Cloudy,NW,0-5,762,25.7,8.3,6.4,128,65,,No,No,No,No,No,,Water appears clear and is calm,
2022-08-10,14:50:00,Site #2 - Heritage Boat Launch,21.6,Mostly Cloudy,S,0-5,760,24.6,8.14,9.5,80,30,,No,Yes,No,No,No,,Secchi 1.5 m. Dolichospermum 2/64 on abundance slide.,
2022-08-11,14:00:00,Site #3 - Lacamas Shores Boat Launch,25.2,Sunny,NW,0-5,757.8,25.8,7.1,8.13,118,32.6,,No,No,No,No,No,,"No target species in protocol sample. Aphanizomenom, Dolichospermum & microcystis found in trawl.",
2022-08-11,11:30:00,Site #4 - Round Lake,25.1,Sunny,,0-5,762,25.3,9.2,6.66,122,62,,No,No,No,No,No,,Water murky & greenish,
2025-03-13,11:30:00,Site #1 - East Boat Launch,7.2,Mostly Cloudy,W,0-5,749,9.4,6.2,8.9,73.6,36.8,0.02,No,No,No,No,No,No,,
2022-08-18,14:45:00,Site #2 - Heritage Boat Launch,26.7,Mostly Cloudy,,0-5,756,26,8.11,10.4,106,68,,No,Yes,No,No,No,,Secchi 1.5 m. Dolichospermum 2/64 on abundance slide.,
2022-08-18,9:15:00,Site #4 - Round Lake,23.7,Mostly Cloudy,,0-5,762,25,8.8,6.9,126,55,,No,No,No,No,No,,Persistent mild rain,
2025-03-07,13:30:00,Site #1 - East Boat Launch,16.1,Partly Cloudy,W,0-5,762,11.1,6,5.7,68.1,34.1,0.03,No,No,No,No,No,No,None,
2022-08-25,15:07:00,Site #2 - Heritage Boat Launch,27.2,Sunny,N,0-5,756,27,8.28,8.4,138,60,,No,Yes,No,No,No,,Secchi 1.6 m. 4/64 Dolichospermum in protocol. 1 Dinoflagellates.,
2022-08-25,13:30:00,Site #3 - Lacamas Shores Boat Launch,30,Sunny,NW,0-5,756.2,26.8,8.5,8.46,122,90.6,,No,No,No,Yes,No,,Water looked clear. A couple of Planktothrix were observed.,
2025-02-27,13:00:00,Site #1 - East Boat Launch,16.7,Sunny,No wind,0-5,760,8.8,6.2,9.5,64,32.2,,No,No,No,No,No,No,Water Level high,
2022-09-01,15:00:00,Site #2 - Heritage Boat Launch,30,Sunny,N,0-5,756,24,8.66,10.6,108,62,,No,Yes,No,No,No,,Secchi 1.2m. Dolichospermum 9/64 in abundance slide. 1 Dinobryon in protocol sample.,
2022-09-01,13:00:00,Site #3 - Lacamas Shores Boat Launch,22.6,Sunny,W,0-5,756.9,24.6,8.4,12.2,122,79.8,,No,No,No,Yes,No,,DO meter reading may be incorrect. Will calibrate meter. Dock at 4 1/2,
2025-02-20,13:00:00,Site #1 - East Boat Launch,7.7,Cloudy,No wind,0-5,767,7.1,6.54,9.8,71.6,35.9,,No,No,No,No,No,No,"Murky. Clumps of vegetation, globs of scum.",
2022-09-08,15:57:00,Site #2 - Heritage Boat Launch,24.4,Sunny,N,0-5,759.5,23.4,8.66,10.2,62,67,,No,Yes,No,No,No,,Secchi 1.0 m. Dolichospermum 16/64 abundance slide,
2022-09-08,14:00:00,Site #3 - Lacamas Shores Boat Launch,30.2,Sunny,NW,0-5,760.6,23.9,8.4,7,120,60,,Yes,Yes,Yes,Yes,No,,"Target species elevated, Woronichinia present and elevated.",
2022-09-08,14:30:00,Site #4 - Round Lake,24.1,Sunny,SW,0-5,760.5,23.5,9.3,6.7,110,56,,No,Yes,No,No,No,,Water clear,
2022-09-08,13:30:00,Site #5 - Fallen Leaf Lake,25,Sunny,NE,0-5,761,24.1,7.9,7.2,102,51,,,Yes,Yes,,,,"Woronichinia present, target species identified",
2022-09-14,12:15:00,Site #4 - Round Lake,23.4,Mostly Cloudy,SW,0-5,755.85,21.4,8.6,6.87,132,68,,No,Yes,Yes,No,No,,"Water level down. Clear at edge, murky green over most of lake.",
2025-02-13,,Site #1 - East Boat Launch,,,,,,,,,,,,,,,,,,Snow,
2022-09-15,14:30:00,Site #2 - Heritage Boat Launch,21.7,Partly Cloudy,N,0-5,759,21,8.71,11.7,136,50,,No,Yes,Yes,No,No,,Secchi .075 m. Slight fishy odor lake level down 1 m,
2022-09-15,12:25:00,Site #3 - Lacamas Shores Boat Launch,26.4,Partly Cloudy,NW,0-5,762.8,29,9.4,6.6,114,67,,No,Yes,No,No,No,,"Water shallow at end of dock due to lake drainage. Dolichospermum identified in protocol sample, elevated 32/64 on abundance slide.",
2022-09-26,11:30:00,Site #2 - Heritage Boat Launch,28.1,Sunny,NW,0-5,760,21.1,8.6,10.68,116,59,,Yes,Yes,No,No,No,,"Aphanizomenon and Dolishospermum notes in protocol sample, not elevated. Water is murkey.",
2022-09-26,12:36:00,Site #4 - Round Lake,26.3,Sunny,,0-5,760.4,21.7,8.7,9.22,116,55,,No,Yes,No,Yes,No,,Lake is cloudy. Protocol Dolichospermum elevated 59/64 on abundance slide.,
2025-02-06,15:30:00,Site #1 - East Boat Launch,7.3,Cloudy,E,0-5,753,6.3,5.9,5.6,80.8,40.1,0.04,No,No,No,No,No,No,"Debris and dirty, scum present.",
2022-10-06,15:40:00,Site #2 - Heritage Boat Launch,25,Sunny,NW,0-5,759,20,8.6,10.2,116,49,,No,Yes,No,No,No,,"Lake level 2.5 m down, secchi .09m. Dolichospermum 17/64 in protocol sample",
2022-10-06,11:28:00,Site #3 - Lacamas Shores Boat Launch,17.8,Mostly Cloudy,NW,0-5,764.5,,,,,,,No,Yes,Yes,No,No,,"Dolichospermum & Microcystis noted in protocol sample, not elevated. Conditions too muddy could not get to lake for data reading. Did take a remote sample of water",
2022-10-06,12:30:00,Site #4 - Round Lake,20,Mostly Cloudy,,0-5,760.46,18.8,8.8,8.3,120,62,,Yes,Yes,Yes,No,No,,"Post draining of lake, green cloudy to clear at edges",
2025-01-30,,Site #1 - East Boat Launch,,,,,,,,,,,,,,,,,,,
2022-10-13,14:47:00,Site #2 - Heritage Boat Launch,19.4,Sunny,S,0-5,760,18.4,8.7,9.9,94,35,,No,Yes,Yes,No,No,,Secchi 1.1 m lake level 2-3 m down. Dolichospermum 8/64 abundance Microcystis 1/64 abundance,
2022-10-13,14:00:00,Site #3 - Lacamas Shores Boat Launch,29.9,Sunny,,0-5,760.1,22.6,9.6,11.2,116.8,10.9,,No,Yes,No,No,No,,No wind. Had to walk out 50 from dock. Lake still low from dam repairs.,
2022-10-13,14:47:00,Site #4 - Round Lake,19.4,Sunny,S,0-5,760,18.4,8.7,9.9,94,35,,No,Yes,Yes,No,No,,"Secchi 1.1m. Lake level 2-3m down. Dolishospermum 8/64 abundance, Microcystis 1/64 abundance.",
2022-10-13,13:00:00,Site #5 - Fallen Leaf Lake,21.5,Sunny,NW,0-5,760.4,20.6,9.04,10.2,98.1,10.8,,No,No,No,No,No,,Water at usual level. No target species,
2022-10-21,10:00:00,Site #2 - Heritage Boat Launch,19.4,Cloudy,,0-5,756.5,16.5,8.9,3.1,128,66,,No,Yes,No,Yes,No,,"Water cloudy, no blooms seen.",
2025-01-23,13:50:00,Site #1 - East Boat Launch,5,Sunny,W,0-5,768.2,6,6.1,,75.4,37.6,0.02,No,No,No,No,No,No,Water clear. Trawl w/zooplanktons,
2022-10-27,13:15:00,Site #3 - Lacamas Shores Boat Launch,19.5,Partly Cloudy,NW,0-5,760.6,16,8.4,9.4,108,55,,No,Yes,Yes,No,No,,"Water level has come up, but still 1 deep out a ways. No trawl sample.",
2025-01-16,13:30:00,Site #1 - East Boat Launch,5.5,Cloudy,E,0-5,763.1,6.8,5.4,5.7,70.1,35.5,0.02,No,No,No,No,No,No,Trawl fairly clean,
2022-11-03,13:18:00,Site #2 - Heritage Boat Launch,5.5,Rain,SE,0-5,765,11,9.09,7.4,96,49,,No,Yes,No,No,No,,Secchi 1.1m. Dolichospermum 8/64 on abundance slide.,
2022-11-03,14:00:00,Site #3 - Lacamas Shores Boat Launch,7.77,Rain,NE,0-5,763.9,12.2,7.73,8.1,102,50,,No,Yes,Yes,No,No,,"Microcystis & Planktothrix elevated in trawl sample. After lots of rain, water level back up. Green cloud in deep water. Bright green slime along edge.",
2022-11-03,12:40:00,Site #4 - Round Lake,14.1,Mostly Cloudy,,0-5,764.8,12.4,8.9,,108,55,,No,Yes,No,No,No,,"Cloudy, lake water level increased. Green scum on surface, temp down, no wind.",
2025-01-09,13:25:00,Site #1 - East Boat Launch,7.2,Sunny,E,0-5,768.2,8.1,6.8,6.5,68.5,34.3,0.03,No,No,No,No,No,No,Trawl had a little planktothrix.,
2022-11-10,15:41:00,Site #2 - Heritage Boat Launch,8.9,Partly Cloudy,,0-5,766,9,8.24,8.1,78,24,,No,No,No,No,No,,Secchi 1m,
2022-11-10,12:30:00,Site #3 - Lacamas Shores Boat Launch,7.79,Partly Cloudy,W,0-5,766,9.7,7.7,6.2,82,41,,No,No,No,No,No,,"Water cloudy, level back up to early Summer",
2022-11-10,12:00:00,Site #4 - Round Lake,12.3,Sunny,,0-5,767.2,9.9,9.5,6.5,82,43,,No,Yes,Yes,No,No,,"Water surface mostly clear, some scum. Water level higher than last week",
2022-11-10,12:00:00,Site #5 - Fallen Leaf Lake,7.77,Partly Cloudy,SW,0-5,766.9,9.7,7.9,8.9,76,38,,No,No,No,No,No,,Water at normal level and clear,
2025-01-02,16:30:00,Site #1 - East Boat Launch,5.5,Rain,SE,0-5,763.2,6.4,7.9,7.8,69.4,34.3,0.03,No,No,Yes,No,No,No,Water murky. Rain has increased lake level.,
2022-11-17,12:50:00,Site #2 - Heritage Boat Launch,7.2,Sunny,E,5-10,769.6,4,8.9,8.99,76,40,,No,No,No,No,No,,Secchi 1.2 m,
2022-11-17,10:10:00,Site #3 - Lacamas Shores Boat Launch,6.6,Sunny,SE,15-20,769,6,7.6,8.9,70,35,,No,Yes,No,No,No,,"Very choppy, gusty wind. Dolichospermum and one unknown",
2022-11-17,17:50:00,Site #5 - Fallen Leaf Lake,7.5,Sunny,SE,15-20,767,6.4,8.1,8.9,66,33,,No,No,No,No,No,,Gusty wind. No target species,
2022-11-25,13:30:00,Site #4 - Round Lake,5,Rain,,0-5,764.6,6.1,9.1,9.9,78,41,,No,No,No,No,No,,"Raining & cold. Water clear, no scum",
2022-12-07,12:40:00,Site #2 - Heritage Boat Launch,4.9,Mostly Cloudy,SE,0-5,761,1,8.7,9.72,64,26,,No,No,No,No,No,,Secchi 1.3m,
2022-12-07,15:10:00,Site #4 - Round Lake,9.3,Cloudy,SE,0-5,761.3,4.6,9.4,8.8,69,34,,No,Yes,No,No,No,,"Not elevated, clear water, water level down",
2022-12-08,14:00:00,Site #3 - Lacamas Shores Boat Launch,3.8,Rain,NE,0-5,757.3,6.5,8.1,8.12,62,31,,No,No,No,No,No,,No targets and very rainy,
2022-12-08,14:45:00,Site #5 - Fallen Leaf Lake,,,,,,,,,,,,,,,,,,Upper gate locked - no access,
2024-12-26,15:35:00,Site #1 - East Boat Launch,8.9,Rain,SW,0-5,758.1,9.1,,10.3,66.3,33.2,0.02,No,No,No,No,No,No,,
2022-12-15,14:40:00,Site #2 - Heritage Boat Launch,33.8,Sunny,S,0-5,768,3,8.71,9.4,38,23,,No,No,No,No,No,,None,
2022-12-15,14:30:00,Site #3 - Lacamas Shores Boat Launch,5.8,Partly Cloudy,No wind,0-5,767.8,5.9,8.6,8.1,56,42,,No,No,No,No,No,,"Water level low, clear, trawl sample was sparse.",
2022-12-15,16:15:00,Site #4 - Round Lake,5.8,Partly Cloudy,No wind,0-5,768.4,5.5,9.4,8.8,66,33,,No,No,No,No,No,,Water level low with a green cast.,
2022-12-15,15:00:00,Site #5 - Fallen Leaf Lake,,,,,,,,,,,,,,,,,,Upper gate locked - no access,
2024-12-19,16:05:00,Site #1 - East Boat Launch,11.1,Cloudy,E,0-5,757.7,8.3,6.2,,78,,0.03,No,No,No,No,No,No,,
2024-12-12,16:15:00,Site #1 - East Boat Launch,4.2,Rain,E,0-5,754.3,7.3,7.8,9.5,95.2,44.2,0.04,No,No,No,No,No,No,,
2022-12-29,14:59:00,Site #2 - Heritage Boat Launch,5.6,Mostly Cloudy,S,0-5,749,3,8.6,9.7,42,14,,No,No,No,No,No,,,
2022-12-29,12:30:00,Site #3 - Lacamas Shores Boat Launch,10.6,Rain,NE,0-5,749.5,6.1,8.6,8.1,44.6,52,,No,No,No,No,No,,Secchi 4.5 ft from dock,
2022-12-29,14:30:00,Site #4 - Round Lake,8.3,Cloudy,NE,0-5,749.1,5.9,9.6,8,74,37,,No,No,No,No,No,,,
2022-12-29,13:00:00,Site #5 - Fallen Leaf Lake,,Mostly Cloudy,SW,0-5,,,,,,,,,,,,,,,
2024-12-05,15:40:00,Site #1 - East Boat Launch,6.7,Sunny,E,0-5,766,6.3,8.3,10.1,90.2,41.9,0.03,No,No,No,No,No,No,,
2023-01-04,11:55:00,Site #3 - Lacamas Shores Boat Launch,6.6,Rain,SE,0-5,769.2,6.6,7.2,9.6,84.3,42.1,0.04,No,No,No,No,No,No,Sechhi disk 76.2 cm. Water murky,
2023-01-04,13:40:00,Site #5 - Fallen Leaf Lake,8,Rain,NW,0-5,767.95,8.2,8.9,10.8,92.2,46.3,0.03,No,No,No,No,No,No,Water level into parking lot,
2024-11-21,10:30:00,Site #1 - East Boat Launch,8.3,Rain,E,0-5,754,8.5,6.6,7.2,81.8,41,0.04,No,No,No,No,No,Yes,,
2023-01-05,14:30:00,Site #2 - Heritage Boat Launch,8.3,Cloudy,E,0-5,747,3.4,8.94,8.7,42,23,,No,No,No,No,No,,Secchi 0.8m,
2023-01-05,14:00:00,Site #3 - Lacamas Shores Boat Launch,10.6,Rain,NE,0-5,746.9,7.3,8.5,8.3,46,23,,No,No,No,No,No,,,
2023-01-06,14:30:00,Site #4 - Round Lake,11.3,Cloudy,E,0-5,747.4,6.1,9.7,9.7,82,39,,No,No,No,No,No,,Water level lower and clear,
2024-11-14,13:00:00,Site #1 - East Boat Launch,10.8,Mostly Cloudy,S,0-5,759,10.4,7.4,4.7,115.8,58,0.05,No,No,No,No,No,Yes,,
2023-01-19,14:00:00,Site #2 - Heritage Boat Launch,4.4,Cloudy,S,0-5,768.3,5,9.2,8.7,44,22,,No,No,No,No,No,,,
2023-01-19,12:15:00,Site #3 - Lacamas Shores Boat Launch,5.3,Cloudy,No wind,0-5,766,7.8,8.3,,52,26,,No,No,No,No,No,,,
2023-01-19,12:45:00,Site #5 - Fallen Leaf Lake,5,Cloudy,No wind,0-5,765,8.8,8.8,7.1,58,29,,No,No,No,No,No,,,
2023-01-20,15:00:00,Site #4 - Round Lake,6.8,Cloudy,E,0-5,770.8,7.1,9.1,8.9,60,30,,No,No,No,No,No,,,
2024-11-07,13:00:00,Site #1 - East Boat Launch,13,Partly Cloudy,W,0-5,761,13,7.5,6.5,118.6,59,0.05,No,No,No,No,No,No,Water Level higher.,
2023-01-26,14:23:00,Site #2 - Heritage Boat Launch,4.4,Cloudy,No wind,0-5,773,4,8.9,8.9,22,13,,No,No,No,No,No,,,
2023-01-26,11:15:00,Site #3 - Lacamas Shores Boat Launch,7,Cloudy,NE,0-5,774,6.4,7.3,6.3,54,27,,No,No,No,No,No,,,
2023-01-26,14:45:00,Site #4 - Round Lake,8.9,Cloudy,NE,0-5,776.2,9.8,7.9,8.7,73,34,,No,No,No,No,No,,,
2023-01-26,10:30:00,Site #5 - Fallen Leaf Lake,7,Cloudy,No wind,0-5,774,5.5,7.7,6.1,60,30,,No,No,No,No,No,,,
2024-11-01,12:30:00,Site #1 - East Boat Launch,10,Cloudy,E,0-5,752,12.4,7.4,5.8,118,59.3,0.05,No,No,No,No,No,Yes,Water murky. Bright green scum.,
2023-02-02,14:50:00,Site #2 - Heritage Boat Launch,10.2,Sunny,W,0-5,765.8,7.2,7.9,9.5,63,34,,No,No,No,No,No,,,
2023-02-02,13:00:00,Site #3 - Lacamas Shores Boat Launch,11,Sunny,W,0-5,760.6,6.6,7.8,8.1,56,35,,No,No,No,No,No,,,
2023-02-02,12:20:00,Site #5 - Fallen Leaf Lake,9.8,Sunny,W,0-5,760.9,7.8,7.8,6.8,60,37,,No,No,No,No,No,,,
2024-10-24,12:00:00,Site #1 - East Boat Launch,14,Partly Cloudy,E,0-5,762,13.2,7.4,7.4,124,62,0.05,No,No,No,No,No,No,Murky. Water still low. Wind sitrred up conditions up to 5mph.,
2023-02-09,12:00:00,Site #2 - Heritage Boat Launch,11.7,Sunny,S,0-5,762,5.2,8.66,12.5,48,24,,No,No,No,No,No,,,
2023-02-09,13:00:00,Site #3 - Lacamas Shores Boat Launch,9.3,Sunny,E,,762.1,9.2,7.7,9.2,54,36,,No,No,No,No,No,,,
2023-02-09,13:00:00,Site #4 - Round Lake,11.5,Partly Cloudy,NE,0-5,763.2,9,9.8,10.9,48,24,,No,No,No,No,No,,,
2023-02-09,12:00:00,Site #5 - Fallen Leaf Lake,9.4,Sunny,SW,0-5,762.6,12.6,8.6,8.6,65,32,,No,No,No,No,No,,,
2024-10-18,12:00:00,Site #1 - East Boat Launch,11.1,Rain,E,0-5,769,15.3,7.1,5.8,123,61.1,0.05,No,No,No,No,No,No,Water lower than last week.  Trawl had tiny Dolcio,
2023-02-16,13:57:00,Site #2 - Heritage Boat Launch,11.7,Sunny,S,0-5,762,5.2,8.66,12.5,48,24,,No,No,No,No,No,,,
2023-02-16,13:30:00,Site #3 - Lacamas Shores Boat Launch,12.8,Cloudy,W,0-5,762.8,7,8.2,8.9,56,28,,No,No,No,No,No,,,
2023-02-16,15:05:00,Site #4 - Round Lake,10.9,Partly Cloudy,No wind,0-5,767.4,6.9,9.7,10.2,44,22,,No,No,No,No,No,,,
2023-02-16,13:30:00,Site #5 - Fallen Leaf Lake,,,,,,,,,,,,,,,,,,,
2024-10-10,14:00:00,Site #1 - East Boat Launch,18.9,Sunny,W,0-5,764,17,7.4,6.7,121.8,60.8,0.05,No,No,No,No,No,No,Trawl had Dolciho & Microcystis,
2025-11-06,11:30:00,Site #4 - Round Lake,12.4,Rain,SW,0-5,766.1,11.2,6.5,8.4,122.8,61.3,0.05,No,Yes,No,No,No,Yes,"Strong current coming from Lac Lake. Trawl elevated Plankto, Woronic, Micro",
2025-11-06,13:53:00,Site #5 - Fallen Leaf Lake,15.8,Rain,S,0-5,765.2,12.2,7.9,5.1,92,46,0.05,No,No,No,No,No,No,Cilates in trawl,
2024-10-03,12:00:00,Site #1 - East Boat Launch,19.2,Sunny,E,0-5,757.3,18.3,7.4,6.9,122.6,61,0.05,No,No,No,No,No,No,Gusty. Trawl had Dolico & Microcy,
2026-01-08,13:00:00,Site #4 - Round Lake,5.3,Cloudy,S,0-5,762,6.3,8,7.6,70.2,35.8,0.03,No,No,No,No,No,Yes,Fast current & high level,
2024-09-27,,Site #1 - East Boat Launch,,,,,,,,,,,,,,,,,,,
2026-01-15,16:20:00,Site #3 - Lacamas Shores Boat Launch,10,Sunny,E,5-10,764.5,7.8,7.7,8.2,78.5,39.3,0.03,No,No,No,No,No,No,Secchi disk visible at bottom 2 1/3 ft.,
2026-01-16,12:05:00,Site #4 - Round Lake,15.5,Sunny,NW,0-5,767.9,7.5,6.4,10.3,81.1,40.5,0.03,No,No,No,No,No,No,Gusty. Water clear with current.,
2026-01-15,12:27:00,Site #5 - Fallen Leaf Lake,10.6,Sunny,N,0-5,773.7,8.2,8.4,6.2,84.2,41.1,0.03,No,No,No,No,No,No,Water level high. 1 Ciliate in trawl,
2026-02-05,12:42:00,Site #5 - Fallen Leaf Lake,16.9,Cloudy,N,0-5,751.9,6.9,8.3,7.9,87.9,44,0.04,No,No,No,No,No,No,"Trawl w/Dinofl, Ciliates & other zoo",
2026-02-12,11:11:00,Site #2 - Heritage Boat Launch,8.3,Cloudy,E,0-5,755.1,7.4,6.8,9.9,77.8,38.8,0.02,No,No,No,No,No,No,"Trawl w/Dinofl, Ciliates & other zoo",
2026-02-12,13:00:00,Site #5 - Fallen Leaf Lake,13.3,Sunny,N,0-5,770.3,9.4,7.8,7.5,82.4,41.2,0.02,No,No,No,No,No,No,Water clear and high,
2024-09-19,,Site #1 - East Boat Launch,,,,,,,,,,,,,,,,,,Not available,
2026-02-19,15:15:00,Site #3 - Lacamas Shores Boat Launch,4,Mostly Cloudy,N,0-5,751.9,8.3,7.4,11.1,79.7,39.8,0.02,No,No,No,Yes,No,No,Secchi @ 2' and is and hits bottom.Penne & othe cyano noted,
2026-02-19,14:45:00,Site #4 - Round Lake,6.1,Mostly Cloudy,SE,0-5,740.4,7.2,6.8,12.5,87.1,42.5,0.04,No,No,No,No,No,No,Water murky with medium current,
2024-09-12,13:00:00,Site #1 - East Boat Launch,18,Mostly Cloudy,W,0-5,761,21.9,8,6.1,118.5,59,0.05,Yes,No,No,No,No,No,Aph in trawl too.,
2026-02-26,14:46:00,Site #2 - Heritage Boat Launch,11.1,Partly Cloudy,E,0-5,766,8.5,7.6,10.4,74.4,37.3,0.02,No,No,No,No,No,No,secchi @ 75cm,
2026-02-26,12:25:00,Site #3 - Lacamas Shores Boat Launch,9,Partly Cloudy,NW,0-5,765.5,8.9,7.7,17.8,70.6,35.5,0.02,No,No,No,No,No,No,Other Cyanos . Secchi visible @ bottom 2 1/4 ft.,
2026-02-26,11:25:00,Site #4 - Round Lake,8,Sunny,NW,0-5,766.8,9.7,6.2,8.7,75.6,38,0.03,No,No,No,No,No,No,Water level high & murky,
2024-09-05,12:30:00,Site #1 - East Boat Launch,40.2,Sunny,E,0-5,762,24.1,8,7.6,117.5,58.6,0.05,No,No,No,No,No,No,"Wind gusts. Trawl had Diliochisp, but whimpy",
2026-03-05,11:30:00,Site #2 - Heritage Boat Launch,8.9,Mostly Cloudy,E,0-5,768,9.7,7.6,10.1,75.9,38,0.03,No,No,No,No,No,No,Secchi 95cm Penne diatom noted,
2026-03-05,17:40:00,Site #3 - Lacamas Shores Boat Launch,8,Mostly Cloudy,NW,0-5,766.8,10.1,7.7,11.3,79,39.5,0.02,No,No,No,No,No,No,Secchi visible @ bottom @ 1 1/2 ft. Other cyanos in trawl,
2026-03-05,11:04:00,Site #4 - Round Lake,7.1,Cloudy,SE,0-5,766.9,9.1,5.8,10.4,78.8,39.4,0.04,No,No,No,No,No,No,Nothing in trawl either.,
2024-08-29,12:00:00,Site #1 - East Boat Launch,29.4,Sunny,SE,0-5,756,22.3,7.74,7.4,114.5,57,0.05,Yes,No,No,Yes,No,No,Water murky,
2026-03-12,11:15:00,Site #4 - Round Lake,7,Rain,N,0-5,766.2,8.3,5.9,8.9,78.9,39.5,0.02,No,No,No,No,No,No,Water level high,
2026-03-19,14:55:00,Site #2 - Heritage Boat Launch,17.2,Partly Cloudy,N,0-5,762,11.8,7.5,9.4,64.1,32,0.02,No,No,No,No,No,No,Centric Diatom.  Secchi @70cm,
2026-03-19,17:00:00,Site #3 - Lacamas Shores Boat Launch,16,Cloudy,E,0-5,759.7,12.4,7.4,,66.7,37.3,0.03,No,No,No,No,No,No,Secchi @ bottom@ 1 3/4 ft. Eudonna noted.,
2026-03-19,10:00:00,Site #4 - Round Lake,15,Cloudy,W,0-5,760.5,11.9,5.6,8.3,63.1,21.6,0.03,No,No,No,No,No,No,High water,
2026-03-19,13:14:00,Site #5 - Fallen Leaf Lake,20.1,Cloudy,N,0-5,767.1,13.4,7.2,9.8,77.2,38.6,0.04,No,No,No,No,No,No,Ciliates & other zoo noted.,
2026-03-26,11:00:00,Site #4 - Round Lake,8,Cloudy,W,0-5,760.5,11.9,5.6,8.3,63.1,21.6,0.03,No,No,No,no,No,No,Other zooplankton,
2026-03-26,13:00:00,Site #5 - Fallen Leaf Lake,12.9,Cloudy,SW,0-5,776,13.1,7.04,9.1,80,40,0.03,No,No,No,No,No,No,Trawl had zoopln,
2026-04-02,15:30:00,Site #2 - Heritage Boat Launch,12.7,Partly Cloudy,N,0-5,762,11.2,7.9,9.9,73.9,36.9,0.02,No,No,No,No,No,No,"Secchi 80 cm, Centric D,Penne D, & dino",
2023-03-02,14:45:00,Site #2 - Heritage Boat Launch,3.9,Partly Cloudy,SW,0-5,763,2.6,8.3,11.8,46,21,,No,No,No,No,No,,,
2023-03-02,11:45:00,Site #3 - Lacamas Shores Boat Launch,6.1,Cloudy,N,0-5,759.9,10.5,9.5,12.8,56,28,,No,No,No,No,No,,,
2023-03-02,13:40:00,Site #4 - Round Lake,8.4,,NE,0-5,759.4,6.4,9.8,12.5,46,23,,No,No,No,No,No,,,
2023-03-02,11:00:00,Site #5 - Fallen Leaf Lake,5.5,Cloudy,S,0-5,759.3,4.2,9.3,12.2,58,30,,No,No,No,No,No,,,
2024-08-22,12:45:00,Site #1 - East Boat Launch,23.5,Cloudy,SE,0-5,759,22,8.3,6.8,112.8,56.5,0.05,No,No,No,Yes,No,No,Water smells. Trawl has elevated Plankto & Aphaniz,
2023-03-09,13:27:00,Site #2 - Heritage Boat Launch,5,Mostly Cloudy,S,0-5,750,3.6,8.38,12.2,48,27,,No,No,No,No,No,,,
2023-03-09,11:00:00,Site #3 - Lacamas Shores Boat Launch,8.1,Cloudy,E,0-5,757,7.6,,11.2,56,28,,No,No,No,No,No,,,
2023-03-09,13:15:00,Site #5 - Fallen Leaf Lake,5.4,Cloudy,N,0-5,757.4,5,,10.9,62,31,,No,No,No,No,No,,,
2023-03-10,13:40:00,Site #4 - Round Lake,8.9,Cloudy,NE,0-5,748.9,6.3,9.7,11,46,23,,No,No,No,No,No,,,
2024-08-15,9:15:00,Site #1 - East Boat Launch,20.6,Cloudy,SW,0-5,759.8,22.2,8.83,8,111.2,55.4,0.05,No,Yes,No,No,No,No,Water murky. Trawl had elevated Dolicho,
2023-03-16,14:10:00,Site #2 - Heritage Boat Launch,13.3,Sunny,N,0-5,761.5,7,8.7,10.2,34,26,,No,No,No,No,No,,,
2023-03-16,12:15:00,Site #3 - Lacamas Shores Boat Launch,16.8,Sunny,E,,761.8,12.6,9.1,10.3,48,24,,No,No,No,No,No,,,
2023-03-16,11:00:00,Site #4 - Round Lake,12.4,Sunny,E,0-5,763.3,7.2,9.3,10.9,46,23,,No,No,No,No,No,,,
2023-03-16,12:45:00,Site #5 - Fallen Leaf Lake,17.9,Sunny,SE,0-5,764.8,14.6,8.4,7,85,,,No,No,No,No,No,,,
2023-03-23,12:15:00,Site #2 - Heritage Boat Launch,13.3,Rain,S,0-5,758,7,8.38,10.8,58,21,,No,No,No,No,No,,,
2023-03-23,12:15:00,Site #3 - Lacamas Shores Boat Launch,10.3,Rain,E,0-5,716.5,8.5,7.2,10.3,54,28,,No,No,No,No,No,,,
2023-03-23,15:15:00,Site #4 - Round Lake,10.1,Rain,NE,0-5,759.3,0.8,9,10.6,48,24,,No,No,No,No,No,,,
2024-08-08,11:00:00,Site #1 - East Boat Launch,23.9,Partly Cloudy,NW,0-5,760,24.6,9.7,13.7,109.6,54.9,0.05,No,No,No,Yes,No,No,Murky. Dinofl noted,
2023-03-25,14:30:00,Site #5 - Fallen Leaf Lake,3.2,Cloudy,No wind,,769.3,10.8,8.69,8.8,39,39.9,,No,No,No,No,No,,,
2024-08-02,12:00:00,Site #1 - East Boat Launch,27.3,Partly Cloudy,W,0-5,764,25.8,8.2,12.6,107.7,53.9,0.05,No,No,No,Yes,No,No,Murky water. Trawl had Plankto & Aphanizo,
2023-03-30,14:16:00,Site #2 - Heritage Boat Launch,11.1,Partly Cloudy,W,0-5,756,8,8.7,10.1,60,29,,No,No,No,No,No,,,
2023-03-30,13:00:00,Site #3 - Lacamas Shores Boat Launch,13.4,Cloudy,NE,0-5,755.4,10.8,8.6,8.4,56,31,,No,No,No,No,No,,,
2023-03-30,15:55:00,Site #4 - Round Lake,17.1,Cloudy,No wind,0-5,754.8,10.8,8.6,9.8,56,28,,No,No,No,No,No,,,
2023-03-30,12:07:00,Site #5 - Fallen Leaf Lake,15,Cloudy,No wind,0-5,759.1,10,8.35,6.6,86,48,,No,No,No,No,No,,,
2024-07-25,13:00:00,Site #1 - East Boat Launch,21.2,Partly Cloudy,W,0-5,768,24.2,7.8,10.7,107.1,53.7,0.05,No,No,No,Yes,No,No,"1 wk after phosphorus treatment, increase in Aph & Plankto in trawl",
2023-04-06,13:33:00,Site #2 - Heritage Boat Launch,10,Rain,S,0-5,755,6,8.7,,54,27,,No,No,No,No,No,,,
2023-04-06,12:30:00,Site #3 - Lacamas Shores Boat Launch,10,Rain,E,0-5,760.5,9,7.8,12,52,26,,No,No,No,No,No,,,
2023-04-06,13:00:00,Site #5 - Fallen Leaf Lake,14.6,Rain,No wind,0-5,758,12,8.4,6.1,81,38,,No,No,No,No,No,,,
2023-04-07,15:50:00,Site #4 - Round Lake,14.4,Cloudy,NE,0-5,754.2,9.6,8,10.7,54,27,,No,No,No,No,No,,,
2023-04-13,12:40:00,Site #2 - Heritage Boat Launch,12.9,Cloudy,N,0-5,759.2,10.1,8.8,8.9,50,28,,No,No,No,No,No,,water murky,
2023-04-13,12:05:00,Site #3 - Lacamas Shores Boat Launch,12.8,Cloudy,NE,0-5,759.4,10.3,8.7,9.2,48,24,,No,No,No,No,No,,water murky,
2023-04-13,11:30:00,Site #4 - Round Lake,11.8,Mostly Cloudy,No wind,0-5,759.5,10.6,7.8,9.6,42,22,,No,No,No,No,No,,water murky,
2023-04-13,13:00:00,Site #5 - Fallen Leaf Lake,12.1,Cloudy,No wind,0-5,763.2,13,8.5,5.98,75,38,,No,No,No,No,No,,,
2024-07-18,13:00:00,Site #1 - East Boat Launch,22.1,Sunny,W,0-5,763,27.3,7.9,10,104,52,0.06,No,No,No,No,No,No,Centric Diatom & Zooplanktons. Trawl had pLankto & Amhaniz,
2023-04-20,14:38:00,Site #2 - Heritage Boat Launch,7.2,Rain,NE,0-5,767,6.8,8.9,11.4,50,26,,No,No,No,No,No,,,
2023-04-20,12:35:00,Site #5 - Fallen Leaf Lake,15,Rain,No wind,0-5,771,11.7,8.6,8.3,75,39,,No,No,No,No,No,,,
2023-04-21,17:15:00,Site #3 - Lacamas Shores Boat Launch,15.3,Mostly Cloudy,NW,0-5,767.4,10.4,8.1,9.5,56,26,,No,No,No,No,No,,,
2023-04-21,10:30:00,Site #4 - Round Lake,15,Mostly Cloudy,NE,0-5,768.4,10.2,7.8,9,46,23,,No,No,No,No,No,,water murky,
2024-07-11,12:30:00,Site #1 - East Boat Launch,25,Sunny,W,0-5,764,26,8.2,9.8,100,50.1,0.05,No,No,No,Yes,No,No,Also in trawl. Water level high,
2023-05-04,12:15:00,Site #3 - Lacamas Shores Boat Launch,15,Rain,E,0-5,754,10.8,8.6,10.6,74,37,,No,No,No,No,No,,,
2023-05-04,14:28:00,Site #5 - Fallen Leaf Lake,12,Rain,E,0-5,756.9,17.1,8.09,7.15,,40,,No,No,No,No,No,,,
2023-05-05,11:30:00,Site #4 - Round Lake,13.3,Mostly Cloudy,NE,0-5,755.6,15.2,8.7,11.3,80,35,,No,No,No,No,No,,,
2024-07-03,9:00:00,Site #1 - East Boat Launch,16.5,Partly Cloudy,W,0-5,769,21.1,8,7.9,96.3,48.2,0.04,No,No,No,Yes,No,No,Dinofl & Zooplanktons,
2023-05-11,14:28:00,Site #2 - Heritage Boat Launch,21.7,Sunny,W,0-5,760,16.6,8.71,11,66,27,,No,No,No,No,No,,,
2023-05-11,13:30:00,Site #4 - Round Lake,21.3,Sunny,NW,0-5,760.3,18.7,6.7,11.3,88,45,,No,No,No,No,No,,,
2023-05-11,12:05:00,Site #5 - Fallen Leaf Lake,25,Sunny,NW,0-5,,20.4,8.7,7.43,72,36,,No,No,No,No,No,,,
2023-05-12,12:00:00,Site #3 - Lacamas Shores Boat Launch,25.2,Sunny,W,0-5,760.6,19.5,8.38,11.9,86,43,,No,No,No,No,No,,,
2024-06-27,12:00:00,Site #1 - East Boat Launch,21,Mostly Cloudy,SE,0-5,763,21.3,8.5,8.7,94.3,47.2,0.04,No,Yes,No,No,No,No,Trawl has Dolci & zooplankton,
2023-05-18,14:32:00,Site #2 - Heritage Boat Launch,25.5,Sunny,N,0-5,757,25,8.52,,104,54,,No,No,No,No,No,,,
2023-05-18,11:15:00,Site #3 - Lacamas Shores Boat Launch,25.2,Sunny,W,0-5,756.8,24,8.7,9.4,102,51,,No,No,No,No,No,,,
2023-05-18,14:55:00,Site #4 - Round Lake,27.8,Sunny,W,0-5,765.5,24.4,8.2,8.2,110,58,,No,No,No,No,No,,,
2023-05-18,12:30:00,Site #5 - Fallen Leaf Lake,29.8,Sunny,NW,0-5,760,26.5,8.5,9.1,82,72,,No,No,No,No,No,,,
2023-05-25,13:34:00,Site #2 - Heritage Boat Launch,25,Sunny,N,0-5,754,21,8.47,,58,42,,No,No,No,No,No,,,
2023-05-25,11:00:00,Site #3 - Lacamas Shores Boat Launch,21.4,Sunny,W,0-5,755.4,21,9.5,12.6,98,49,,No,No,No,No,No,,,
2023-06-01,11:00:00,Site #3 - Lacamas Shores Boat Launch,16,Cloudy,NW,0-5,764,18.2,8.56,12.5,88,49.8,,No,No,No,No,No,,,
2023-06-01,16:25:00,Site #4 - Round Lake,20.9,Cloudy,NE,0-5,757.7,19.8,8.6,9.1,114,57,,No,No,No,No,No,,,
2023-06-01,13:00:00,Site #5 - Fallen Leaf Lake,22.7,Sunny,NW,0-5,760.8,20.3,7.8,,76,37,,No,No,No,No,No,,,
2023-06-08,14:42:00,Site #2 - Heritage Boat Launch,21.1,Partly Cloudy,N,0-5,757,21.9,8.71,11.5,99,49.4,,No,No,No,Yes,No,,,
2023-06-08,11:15:00,Site #3 - Lacamas Shores Boat Launch,18.7,Cloudy,E,0-5,762,20.8,9,18.8,100.3,50.1,,No,No,No,No,No,,,
2023-06-08,13:00:00,Site #4 - Round Lake,22.7,Cloudy,N,0-5,757.9,22.8,9.1,9.2,104,32,,No,No,No,No,No,,,
2023-06-08,11:30:00,Site #5 - Fallen Leaf Lake,20.9,Partly Cloudy,NW,0-5,763.1,21.7,7.99,5.4,80,40,,No,No,No,No,No,,,
2024-06-20,11:30:00,Site #1 - East Boat Launch,21.5,Sunny,W,0-5,760,22.5,8.5,11.7,90.6,45.2,0.04,No,Yes,No,No,No,No,Zooplank in protocol,
2024-06-13,8:15:00,Site #1 - East Boat Launch,12.2,Sunny,W,0-5,758,18.9,8.1,8.4,88.1,44.1,0.05,No,No,No,No,No,No,Water level up 3. No targets in either samples,
2023-06-15,13:58:00,Site #2 - Heritage Boat Launch,18.3,Sunny,N,0-5,763,21.7,9.03,9.5,101.7,51,,No,No,No,No,No,,,
2023-06-15,16:39:00,Site #4 - Round Lake,22.4,Sunny,NE,0-5,761.8,21.7,9.3,8.6,108,55,,No,No,No,No,No,,,
2023-06-16,9:00:00,Site #3 - Lacamas Shores Boat Launch,22,Sunny,No wind,0-5,762.6,21.6,9,,108,54,,No,No,No,No,No,,,
2023-06-16,12:15:00,Site #5 - Fallen Leaf Lake,26.5,Cloudy,NW,0-5,766.13,22,9.8,5.75,76,38,,No,No,No,No,No,,,
2023-06-22,15:30:00,Site #2 - Heritage Boat Launch,24.4,Sunny,N,0-5,754,22.1,9.02,10.7,102,52,,No,Yes,No,No,No,,,
2023-06-22,6:10:00,Site #4 - Round Lake,26.4,Sunny,NE,0-5,752.8,21.7,8.8,8.6,120,60,,No,No,No,No,No,,,
2023-06-22,11:50:00,Site #5 - Fallen Leaf Lake,21.5,Sunny,N,0-5,761.62,21.1,8.25,6.48,72,38,,No,No,No,No,No,,,
2024-06-06,8:30:00,Site #1 - East Boat Launch,13.3,Sunny,W,0-5,759.1,17.4,8.61,8.7,87.3,43.5,0.05,No,No,No,No,No,No,No comments,
2023-06-23,9:00:00,Site #3 - Lacamas Shores Boat Launch,24.6,Sunny,E,0-5,760.1,22,9.1,,101,42,,No,No,No,No,No,,,
2023-06-28,16:05:00,Site #2 - Heritage Boat Launch,27.8,Sunny,N,0-5,757,24.5,8.9,10.7,106,54,,No,No,No,No,No,,Diatoms,
2024-05-30,11:45:00,Site #1 - East Boat Launch,16.1,Sunny,SW,0-5,766,17.2,8.5,12.5,83.4,41.2,0.03,No,No,No,No,No,No,Water clear.,
2023-06-30,10:00:00,Site #3 - Lacamas Shores Boat Launch,24,Sunny,W,0-5,764,22.4,8.8,6.9,136,50,,No,No,No,Yes,No,,Suzan for Vicky,
2023-06-30,10:00:00,Site #5 - Fallen Leaf Lake,23,Sunny,W,0-5,765,22.7,8.2,5.05,80,40,,No,No,No,No,No,,,
2023-07-06,10:30:00,Site #2 - Heritage Boat Launch,25.3,Sunny,N,0-5,759.8,25,8.81,7.6,108.1,54.6,0.05,No,No,No,No,No,,,
2023-07-06,8:29:00,Site #4 - Round Lake,25.2,Sunny,SW,0-5,753.7,25.3,8.6,8.4,126,116,,No,Yes,Yes,No,No,,,
2024-05-23,11:30:00,Site #1 - East Boat Launch,18.8,Cloudy,No wind,0-5,766,15.7,8.05,10.5,78,39.2,0.04,No,No,No,No,No,No,Trawl water is brackish from recent rain.,
2023-07-07,9:15:00,Site #3 - Lacamas Shores Boat Launch,19.4,Cloudy,S,0-5,756.7,23.3,8.3,8.2,109,55,0.05,No,Yes,No,No,No,,Used new multi tool,
2023-07-08,13:00:00,Site #5 - Fallen Leaf Lake,27,Sunny,NW,0-5,759.3,26,8.53,,86,43,,No,No,No,No,No,,,
2023-07-13,13:05:00,Site #2 - Heritage Boat Launch,28.5,Sunny,N,0-5,763,25.3,7.91,8.1,112,55.9,0.04,No,No,No,No,No,,,
2023-07-13,13:40:00,Site #5 - Fallen Leaf Lake,26,Sunny,N,0-5,765.16,26.2,8.02,7.6,96,48,0.04,No,No,No,No,No,,,
2024-05-16,11:35:00,Site #1 - East Boat Launch,13.9,Partly Cloudy,W,0-5,757,19.7,7.9,10.6,73.2,36.6,0.03,No,No,No,No,No,No,Water clear,
2023-07-14,10:10:00,Site #3 - Lacamas Shores Boat Launch,26.3,Sunny,N,0-5,764.8,23.8,9,9.03,114,54,,No,No,No,No,No,,,
2023-07-14,10:20:00,Site #4 - Round Lake,25.1,Sunny,NE,0-5,761.06,24.9,8.3,8.17,132,66,,No,No,No,No,No,,,
2023-07-20,15:25:00,Site #2 - Heritage Boat Launch,27.2,Sunny,S,0-5,759,26.2,8.8,9,114,57,,No,Yes,No,No,No,,Secchi 170 cm,
2023-07-20,11:00:00,Site #3 - Lacamas Shores Boat Launch,26.5,Sunny,W,0-5,761,24,7.9,8.2,116.5,58,,No,No,No,No,No,,Secchi 3 ft,
2023-07-20,12:30:00,Site #5 - Fallen Leaf Lake,25.2,Sunny,NW,0-5,767.6,25.9,8.15,7.02,90.7,45.2,0.04,No,Yes,Yes,No,No,,,
2024-05-09,11:45:00,Site #1 - East Boat Launch,17.8,Sunny,NE,0-5,768,13.9,7.4,9.9,70,35,0.04,No,No,No,No,No,No,Trawl had Dinoflagelites,
2023-07-21,7:45:00,Site #4 - Round Lake,17.6,Sunny,NE,0-5,759.9,25.1,8.16,7.7,114.6,57.4,,No,No,No,No,No,,,
2024-05-02,11:35:00,Site #1 - East Boat Launch,13.3,Mostly Cloudy,NE,0-5,757.4,14.8,7.28,11.4,88,43.7,0.05,No,No,No,No,No,No,Water level higher. Dinoflag in trawl,
2023-07-27,15:05:00,Site #2 - Heritage Boat Launch,25,Sunny,W,0-5,759,25.2,8.8,9.4,119,59,,No,Yes,No,No,No,,Secchi 17 cm,
2023-07-27,13:12:00,Site #4 - Round Lake,25.1,Sunny,NE,0-5,759.5,25.2,7.1,8,135,67,,No,No,No,No,No,,,
2023-07-27,13:20:00,Site #5 - Fallen Leaf Lake,23,Sunny,N,0-5,763.78,25.7,8.06,9.2,91.7,45.9,0.04,No,Yes,Yes,No,No,,,
2023-07-28,9:30:00,Site #3 - Lacamas Shores Boat Launch,19.8,Cloudy,NW,0-5,760,23.2,8,8.6,102,51,0.05,No,No,No,No,No,,,
2023-08-03,14:46:00,Site #2 - Heritage Boat Launch,26.1,Sunny,E,0-5,759,25.3,8.8,9.4,120,60.1,,No,Yes,No,No,No,,Secchi 130 m,
2023-08-03,9:30:00,Site #3 - Lacamas Shores Boat Launch,31,Partly Cloudy,W,0-5,760.6,23.9,9,7.1,144,71,,Yes,Yes,No,No,No,,,
2023-08-03,12:00:00,Site #4 - Round Lake,26.11,Sunny,NW,0-5,758.8,25.1,9,8,114,55,,No,Yes,No,No,No,,,
2023-08-03,14:20:00,Site #5 - Fallen Leaf Lake,26.8,Sunny,S,0-5,,26.8,8.68,8.9,,,0.04,No,No,No,No,No,,,
2024-04-25,11:45:00,Site #1 - East Boat Launch,11.2,Rain,SE,0-5,757.2,13.5,8.2,9.8,86.8,44.6,0.04,No,No,No,No,No,No,Raining hard.,
2024-04-18,11:30:00,Site #1 - East Boat Launch,14,Sunny,E,0-5,767,13.5,7.5,10.8,87,43,0.03,No,No,No,No,No,No,Murky water,
2023-08-10,14:46:00,Site #2 - Heritage Boat Launch,24.4,Sunny,NW,0-5,758,24.6,8.7,9.2,120,60,,No,Yes,No,No,No,,Secchi 130 cm,
2023-08-10,11:06:00,Site #3 - Lacamas Shores Boat Launch,23.1,Partly Cloudy,NW,0-5,759.6,24,8.8,7.6,120,60,0.025,No,Yes,No,No,No,,,
2023-08-10,14:00:00,Site #5 - Fallen Leaf Lake,24,Sunny,NW,0-5,766.04,26.8,8.64,8.4,94.3,46.9,0.04,No,Yes,No,No,No,,,
2023-08-16,12:40:00,Site #5 - Fallen Leaf Lake,30.5,Partly Cloudy,No wind,0-5,757.07,27.6,8.64,,93.6,46.9,0.05,No,Yes,No,No,No,,,
2024-04-12,12:30:00,Site #1 - East Boat Launch,12.8,Partly Cloudy,W,0-5,755,14.3,7.5,12.6,83,41.5,0.04,No,No,No,No,No,No,No comments,
2023-08-17,15:23:00,Site #2 - Heritage Boat Launch,30.6,Partly Cloudy,E,0-5,758.8,27,8.6,9.9,126,63,,No,Yes,No,No,No,,Secchi disk 130 cm,
2023-08-17,10:00:00,Site #3 - Lacamas Shores Boat Launch,22.2,Cloudy,W,0-5,753.8,26.1,8.2,8.9,136,68,,No,Yes,No,No,No,,Secchi disk 1.37,
2024-04-05,12:00:00,Site #1 - East Boat Launch,7.8,Cloudy,E,0-5,758,11.9,8.2,9.8,85.2,42.6,0.03,No,No,No,No,No,No,No comments,
2023-08-24,15:03:00,Site #2 - Heritage Boat Launch,31.1,Sunny,E,0-5,755,28.1,8.4,10.1,122,61,,No,Yes,No,No,No,,,
2023-08-24,12:00:00,Site #3 - Lacamas Shores Boat Launch,25.1,Sunny,NW,0-5,761,23.3,8.4,7.9,112,61,0.08,Yes,Yes,No,No,No,,,
2023-08-24,13:15:00,Site #5 - Fallen Leaf Lake,24.3,Sunny,N,0-5,757,25,8.45,7.8,98,33,,No,Yes,No,No,No,,,
2023-08-25,11:30:00,Site #4 - Round Lake,30,Sunny,W,0-5,759,23,8.6,8.7,127,63,,Yes,Yes,,Yes,No,,,
2023-08-31,13:12:00,Site #2 - Heritage Boat Launch,17.2,Rain,E,0-5,754,22.1,8.6,9.5,127,64,,No,Yes,No,No,No,,,
2024-03-28,13:30:00,Site #1 - East Boat Launch,10,Partly Cloudy,E,0-5,758,13.5,7,10.8,83.1,41.6,0.03,No,No,No,No,No,No,No comments,
2023-09-01,12:15:00,Site #3 - Lacamas Shores Boat Launch,22.7,Partly Cloudy,E,0-5,753.1,22.7,8.33,9,118.11,64.2,0.06,Yes,Yes,,No,No,,,
2023-09-01,11:30:00,Site #4 - Round Lake,23,Partly Cloudy,NE,0-5,753.2,22.5,8.3,8.3,120.6,60.5,0.05,No,Yes,No,No,No,,,
2023-09-01,11:30:00,Site #5 - Fallen Leaf Lake,23,Partly Cloudy,NW,0-5,753,22.6,8,8,92.7,48.3,0.04,No,Yes,No,No,No,,,
2023-09-06,11:00:00,Site #3 - Lacamas Shores Boat Launch,28.1,Sunny,W,0-5,757.8,21.3,7.94,7.5,116.3,64.9,0.05,No,Yes,No,No,No,,,
2024-03-21,13:30:00,Site #1 - East Boat Launch,11.2,Cloudy,No wind,0-5,763,12.9,7.89,11.1,77.9,38.9,0.03,No,No,No,No,No,No,Water level low area to the east is muddy sediments,
2023-09-07,14:50:00,Site #2 - Heritage Boat Launch,21.1,Partly Cloudy,N,0-5,758,24.1,8.15,10.1,129,64.4,,Yes,Yes,No,No,No,,,
2023-09-07,10:00:00,Site #4 - Round Lake,22.9,Sunny,NW,0-5,754,22.9,8.2,7.8,118,64.2,,No,Yes,No,No,No,,,
2023-09-07,13:08:00,Site #5 - Fallen Leaf Lake,20,Sunny,No wind,0-5,763,21.9,7.8,7.6,95.6,47.4,,No,Yes,No,No,No,,,
2024-03-14,13:30:00,Site #1 - East Boat Launch,12.2,Sunny,W,0-5,772,9.7,7.7,9.5,74.7,37.4,0.03,No,No,No,No,No,No,Water lower. Mud flats appearing.,
2023-09-14,12:36:00,Site #2 - Heritage Boat Launch,23.5,Sunny,W,0-5,759,23.1,8.5,10,132,66,,No,Yes,No,No,No,,,
2023-09-14,14:40:00,Site #3 - Lacamas Shores Boat Launch,24.2,Sunny,W,0-5,758,22.5,8.3,9.8,131.5,65,,No,Yes,No,No,No,,,
2023-09-14,15:15:00,Site #4 - Round Lake,24.4,Sunny,W,0-5,768,24.1,8.1,8.2,130,65,0.06,Yes,Yes,No,No,No,,,
2023-09-14,13:10:00,Site #5 - Fallen Leaf Lake,24,Sunny,W,0-5,764.5,24,8.8,10.9,93.6,47.8,,Yes,Yes,No,Yes,No,,,
2023-09-20,12:20:00,Site #3 - Lacamas Shores Boat Launch,19,Sunny,W,0-5,758.2,20,6.9,5.3,144,71,,No,Yes,No,No,No,,,
2023-09-20,14:30:00,Site #4 - Round Lake,19,Partly Cloudy,W,0-5,579.3,19.8,7.7,6.3,100,49,,No,Yes,No,No,No,,,
2024-03-08,12:30:00,Site #1 - East Boat Launch,12.2,Sunny,NE,0-5,766,6.9,7.8,8.7,70.2,35,0.03,No,No,No,No,No,No,Water level lower,
2023-09-21,13:19:00,Site #5 - Fallen Leaf Lake,18,Sunny,W,0-5,763.8,21.9,8.42,8.46,94,34,0.05,No,Yes,Yes,Yes,No,,,
2023-09-22,14:40:00,Site #2 - Heritage Boat Launch,22.4,Sunny,W,0-5,758,23.2,8.8,10.1,130,67,,Yes,Yes,No,No,No,,,
2024-02-29,12:30:00,Site #1 - East Boat Launch,5,Cloudy,E,0-5,752,7.4,8,8.7,72.9,36.5,0.02,No,No,No,No,No,No,White strings of scum on shoreline.,
2023-09-28,14:08:00,Site #2 - Heritage Boat Launch,17.1,Partly Cloudy,E,0-5,759,17.8,7.45,8.8,139,69.6,,No,Yes,No,No,No,,,
2023-09-28,11:30:00,Site #3 - Lacamas Shores Boat Launch,16.4,Partly Cloudy,SE,0-5,764.4,19.7,8.6,11.1,118,59,,No,Yes,No,No,No,,Phosphate 3,
2023-09-28,10:45:00,Site #4 - Round Lake,17.3,Partly Cloudy,No wind,0-5,764.8,17.8,8.3,4.36,116,58,,No,Yes,No,No,No,,,
2023-09-28,12:04:00,Site #5 - Fallen Leaf Lake,15,Partly Cloudy,SE,0-5,764.8,19.9,8.02,6.3,96.2,48,0.04,No,Yes,No,No,No,,,
2024-02-22,13:30:00,Site #1 - East Boat Launch,12.2,Partly Cloudy,SE,0-5,770,9.5,7.4,9.9,73.9,37,0.04,No,No,No,No,No,No,No comments,
2023-10-05,13:18:00,Site #2 - Heritage Boat Launch,18.3,Sunny,NW,0-5,764,17.8,7.42,6.5,137.9,69,,Yes,Yes,No,No,No,,,
2023-10-05,12:50:00,Site #3 - Lacamas Shores Boat Launch,,,,,,,,,,,,,,,,,,,
2023-10-05,12:10:00,Site #4 - Round Lake,21.5,Sunny,NW,0-5,764.2,16.7,7.8,6.5,135.1,67.4,0.06,No,Yes,Yes,Yes,No,,,
2023-10-05,12:10:00,Site #5 - Fallen Leaf Lake,18,Sunny,NE,0-5,770.8,18.7,7.8,6.5,93.5,46.8,0.04,No,Yes,No,No,No,,,
2024-02-15,12:30:00,Site #1 - East Boat Launch,3.9,Rain,E,0-5,762,6.7,7.38,10.7,76,38,0.04,No,No,No,No,No,No,Wind gust between 5-1,
2023-10-12,13:53:00,Site #2 - Heritage Boat Launch,17.2,Partly Cloudy,S,0-5,758,18.4,7.21,5.1,137.5,68.7,0.05,No,Yes,No,No,No,,,
2023-10-12,12:01:00,Site #3 - Lacamas Shores Boat Launch,,,,,,,,,,,,,,,,,,,
2023-10-12,12:01:00,Site #4 - Round Lake,18.1,Sunny,No wind,0-5,762.9,17.1,8.27,6,135,67.6,0.06,No,Yes,No,No,No,,,
2023-10-12,14:00:00,Site #5 - Fallen Leaf Lake,22,Sunny,No wind,0-5,761.87,18.2,7.71,7.9,94.7,47.4,0.04,No,Yes,No,No,No,,,
2023-10-19,13:30:00,Site #3 - Lacamas Shores Boat Launch,19.7,Sunny,NW,0-5,763.4,21.3,8.4,11.9,122.2,60.9,0.06,No,Yes,No,No,No,,,
2026-04-02,15:00:00,Site #3 - Lacamas Shores Boat Launch,12.7,Partly Cloudy,W,0-5,760.2,11.6,7.5,9.8,72.1,37.4,0.03,No,No,No,No,No,No,Secchi 2 1/2 ft @ bottom,
2026-04-02,11:00:00,Site #4 - Round Lake,7,Cloudy,W,0-5,758.9,9.7,5.8,8.1,73.4,26.6,0.02,No,No,No,No,No,No,pH reading seems low,
2024-02-08,13:00:00,Site #1 - East Boat Launch,7.2,Partly Cloudy,No wind,0-5,762,8.9,7.78,8.4,70,35.5,0.04,No,No,No,No,No,No,No comments,
2026-04-09,10:45:00,Site #4 - Round Lake,15.5,Sunny,SE,0-5,756.2,14.7,7.2,9.6,80,40.4,0.03,No,No,No,No,No,No,Other zooplnk,
2024-02-01,13:00:00,Site #1 - East Boat Launch,12.2,Partly Cloudy,E,0-5,749,9.3,7.48,8.7,67,33.3,0.03,No,No,No,No,No,No,Water murky,
2026-04-16,15:36:00,Site #2 - Heritage Boat Launch,12.2,Partly Cloudy,N,0-5,766,13.2,8.13,10.3,85.8,42.9,0.03,No,No,No,No,No,No,"Secchi 110cm. Trawl with Fragi, Asterionette, Eduuia Pennate",
2026-04-16,11:10:00,Site #4 - Round Lake,16.6,Cloudy,W,0-5,764,11.5,7.4,8.7,85.2,42.7,0.03,No,No,No,No,No,No,Ciliates. Trawl with Microsystis,
2026-04-16,12:02:00,Site #5 - Fallen Leaf Lake,12.7,Partly Cloudy,No Wind,0-5,771.1,12.9,6.8,8.2,79.1,36.6,0.03,No,No,No,No,No,No,Diatoms & Dinoflag in trawl,
2026-04-23,11:55:00,Site #2 - Heritage Boat Launch,12.2,Cloudy,S,0-5,764,12.9,8,9.2,82.5,41.2,0.03,No,No,No,No,No,No,"secchi 130 cm, Centric Diatom noted.",
2026-04-23,11:05:00,Site #4 - Round Lake,12.5,Cloudy,S,0-5,763.3,12.2,7.36,8.4,82.1,41.1,0.04,No,No,No,No,No,No,Early Ciliates & other Zooplank,
2026-04-30,12:12:00,Site #2 - Heritage Boat Launch,15.7,Partly Cloudy,SE,0-5,759,15.7,8.76,11.6,83.6,41.7,0.03,No,No,No,No,No,No,Centric & Pennate. Trawl had 7 others,
2026-04-30,11:00:00,Site #4 - Round Lake,17.7,Partly Cloudy,S,0-5,758.2,15.6,7.38,10.2,83.7,41.8,0.03,No,No,No,No,No,No,Other Cyanos & ciliates Water level high,
2026-06-04,11:35:00,Site #2 - Heritage Boat Launch,18.9,Partly Cloudy,N,0-5,763,20.2,8.82,10.2,100.6,50.3,0.04,No,No,No,No,No,No,Secchi at 120cm. Diatoms & Dinoflg in trawl.,
2026-06-04,10:55:00,Site #4 - Round Lake,23,Partly Cloudy,W,0-5,762,21.2,7.14,8.23,99.3,49.7,0.05,No,Yes,No,No,No,No,Others Cyanos in trawl,
2026-06-04,12:01:00,Site #5 - Fallen Leaf Lake,19.9,Partly Cloudy,N,0-5,768.1,20.9,6.43,8.4,79.7,40,0.04,No,No,No,No,No,No,Dolicospermum in trawl,
2026-06-11,11:00:00,Site #4 - Round Lake,20.7,Sunny,No wind,0-5,760,19.8,7.29,8.6,101.1,50.6,0.04,No,No,No,No,No,No,No targets,
2023-10-19,13:00:00,Site #4 - Round Lake,18.1,Sunny,SW,0-5,764.1,16.4,8.31,6,133,66.5,0.06,No,Yes,No,No,No,,,
2023-10-19,12:31:00,Site #5 - Fallen Leaf Lake,22.4,Sunny,SE,0-5,764.5,17.8,8.09,7.7,92.1,46.4,0.04,No,No,Yes,No,No,,,
2024-01-11,11:45:00,Site #1 - East Boat Launch,4.4,Rain,SW,0-5,761.9,6.4,8.4,8.7,69.7,35,0.02,No,No,No,No,No,No,Water level high.,
2023-10-26,13:44:00,Site #2 - Heritage Boat Launch,8.9,Partly Cloudy,E,0-5,767,13.4,7.2,4.6,139.7,69.9,0.06,No,Yes,No,No,No,,,
2023-10-26,11:00:00,Site #3 - Lacamas Shores Boat Launch,11.3,Cloudy,NW,0-5,764.3,13.2,7.68,6.8,130.2,62.8,0.06,No,Yes,Yes,No,No,,,
2023-10-26,10:30:00,Site #4 - Round Lake,12.1,Cloudy,No wind,0-5,764,12.1,7.65,8.9,135.2,67.9,0.06,No,Yes,No,No,No,,,
2023-10-26,14:37:00,Site #5 - Fallen Leaf Lake,9,Sunny,No wind,0-5,769,14.7,8.49,6.4,95.8,47.9,,No,Yes,Yes,No,No,,,
2023-12-14,13:00:00,Site #1 - East Boat Launch,7.8,Mostly Cloudy,E,0-5,766,9,7.5,9.7,73,37,0.03,No,No,No,No,No,,,
2023-11-02,13:35:00,Site #2 - Heritage Boat Launch,17.2,Mostly Cloudy,N,0-5,758,13.2,7.48,6.9,132.8,66.4,0.05,No,Yes,No,No,No,,,
2023-11-02,11:00:00,Site #3 - Lacamas Shores Boat Launch,11.8,Cloudy,No wind,0-5,756.7,12.5,7.72,8.8,133.9,67.1,0.06,No,Yes,No,No,No,,,
2023-11-02,10:30:00,Site #4 - Round Lake,11.2,Cloudy,No wind,0-5,756.7,12.5,7.72,8.8,133.9,67.1,0.06,No,Yes,No,No,No,,,
2023-11-02,12:01:00,Site #5 - Fallen Leaf Lake,15,Mostly Cloudy,SE,0-5,761.5,11.9,8.01,8.04,94.4,48.9,0.04,No,No,No,No,No,,,
2023-12-07,13:00:00,Site #1 - East Boat Launch,8.3,Rain,W,0-5,760,9.7,7.5,7.9,118,70,0.04,No,No,No,No,No,,,
2023-11-09,14:51:00,Site #2 - Heritage Boat Launch,10,Cloudy,E,0-5,760.5,11.7,7.4,6.7,120.2,60.1,0.05,No,No,No,No,No,,,
2023-11-09,12:30:00,Site #3 - Lacamas Shores Boat Launch,11.9,Mostly Cloudy,E,0-5,760.9,11.4,7.24,11.7,111.6,55.8,0.04,No,No,No,No,No,,,
2023-11-09,11:56:00,Site #4 - Round Lake,12.9,Mostly Cloudy,SE,0-5,761.3,12.2,7.3,9.8,118.5,59.3,0.05,No,No,No,No,No,,,
2023-11-09,13:45:00,Site #5 - Fallen Leaf Lake,10,Cloudy,NE,0-5,763.7,13.2,8.4,7.2,120,71.5,0.04,No,yes,No,No,No,,,
2023-11-30,13:00:00,Site #1 - East Boat Launch,2.8,Cloudy,NE,0-5,758,4.5,8.2,8.6,118.3,59.2,0,No,No,No,No,No,,,
2023-11-16,13:23:00,Site #2 - Heritage Boat Launch,10.6,Cloudy,NW,0-5,759.7,11.4,7.07,9.2,115,57.8,0.05,No,No,No,No,No,,,
2023-11-16,12:20:00,Site #3 - Lacamas Shores Boat Launch,13.1,Partly Cloudy,W,0-5,759.8,11.1,6.82,7.8,110,64,0.05,No,No,No,No,No,,,
2023-11-16,13:10:00,Site #4 - Round Lake,12.9,Partly Cloudy,NW,0-5,759.6,10.6,7.05,9.8,109,56.9,0.04,No,No,No,No,No,,,
2023-11-16,12:30:00,Site #5 - Fallen Leaf Lake,10,Cloudy,NW,0-5,763.9,11.2,7.52,8.9,94.1,47,0.03,No,No,No,No,No,,,
2023-11-23,13:45:00,Site #2 - Heritage Boat Launch,9.9,Sunny,SE,0-5,765,10.6,7.29,7.8,113.5,56.7,0.04,No,No,No,No,No,,,
2023-11-23,14:15:00,Site #3 - Lacamas Shores Boat Launch,13.4,Mostly Cloudy,NW,0-5,766.1,10.9,7.27,8.9,106.4,52.6,0.05,No,No,No,No,No,,,
2023-11-23,13:30:00,Site #4 - Round Lake,13.1,Mostly Cloudy,NW,0-5,764.2,10.2,7.41,8.2,116.3,55.8,0.04,No,No,No,No,No,,,
2023-11-24,13:00:00,Site #1 - East Boat Launch,7,Sunny,W,0-5,770,10.2,7.82,8.1,109.5,54.8,0.05,No,No,No,No,No,,,
2023-11-24,12:04:00,Site #5 - Fallen Leaf Lake,5,Sunny,NW,0-5,775.87,10.8,8.02,8.3,96.5,48.1,0.03,No,No,No,No,No,,,
2023-11-16,11:50:00,Site #1 - East Boat Launch,13.5,Mostly Cloudy,W,0-5,763.6,12,8.41,7.4,112.6,56.3,0.05,No,No,No,No,No,,,
2023-11-30,10:19:00,Site #2 - Heritage Boat Launch,22,Rain,SE,0-5,756,7.19,7.3,8.3,114,57,0.04,No,No,No,No,No,,,
2023-12-01,14:25:00,Site #3 - Lacamas Shores Boat Launch,8.4,Rain,NW,0-5,752.2,10.6,8.3,9.9,112.4,74,0.04,No,No,No,No,No,,,
2023-12-01,13:45:00,Site #4 - Round Lake,8.6,Rain,No wind,0-5,754.7,11.1,8.13,9.8,116.3,76,0.04,No,No,No,No,No,,,
2023-11-09,11:20:00,Site #1 - East Boat Launch,14.2,Mostly Cloudy,SE,0-5,765.7,6.6,8.4,6.6,114.3,57.2,0.05,No,No,No,No,No,,,
2023-12-07,13:33:00,Site #2 - Heritage Boat Launch,7.2,Cloudy,E,0-5,758,11.1,7.24,8.9,76.1,38.1,0.03,No,No,No,No,No,,,
2023-12-07,12:15:00,Site #3 - Lacamas Shores Boat Launch,7.6,Rain,W,0-5,756.4,10,7.36,9.8,73.6,36.4,0.02,No,No,No,No,No,,,
2023-12-07,11:30:00,Site #4 - Round Lake,7.5,Cloudy,W,0-5,758.7,10.1,8.4,9.8,74.4,26,0.02,No,No,No,No,No,,,
2023-12-07,11:30:00,Site #5 - Fallen Leaf Lake,,,,,,,,,,,,,,,,,,,
2023-12-13,14:23:00,Site #2 - Heritage Boat Launch,7.8,Partly Cloudy,S,0-5,760,9.7,7.39,9.1,68.5,34.2,0.02,No,No,No,No,No,,,
2023-11-02,13:30:00,Site #1 - East Boat Launch,17,Cloudy,SE,0-5,762,12.4,7.99,6.5,127.6,63.8,0.05,No,Yes,No,No,No,,,
2023-12-14,11:45:00,Site #3 - Lacamas Shores Boat Launch,11.7,Mostly Cloudy,SE,0-5,763,7.9,6.75,7.2,69,34.5,0.02,No,No,No,No,No,,,
2023-12-14,11:00:00,Site #4 - Round Lake,13.8,Cloudy,SE,0-5,763,7.7,6.94,7.1,67.9,34,0.03,No,No,No,No,No,,,
2023-12-14,11:50:00,Site #5 - Fallen Leaf Lake,8,Cloudy,NW,0-5,766.98,7.5,8.32,6.7,91.4,45.4,,No,No,No,No,No,,,
2024-01-04,11:30:00,Site #2 - Heritage Boat Launch,6.3,Rain,SE,0-5,769.2,6.6,7.2,9.6,81.2,40.6,0.04,No,No,No,No,No,Yes,1 in trawl. Secchi disk 157 cm,
2024-01-04,11:00:00,Site #4 - Round Lake,7.2,Rain,SE,0-5,769,6.3,7.25,9.2,81.4,40.7,0.04,No,No,No,Yes,No,Yes,One of each species. Water murky,
2023-10-26,14:30:00,Site #1 - East Boat Launch,9.6,Partly Cloudy,W,0-5,767,14.6,8.08,6.6,129.7,64.8,0.07,No,No,No,No,No,,,
2024-01-11,11:45:00,Site #3 - Lacamas Shores Boat Launch,3,Rain,NW,0-5,755.1,5.9,7.6,6.2,70,34.9,0.03,,No,No,No,No,No,Water level high. Secchi disk 128cm,
2024-01-11,11:15:00,Site #4 - Round Lake,4.4,Rain,SE,0-5,761.9,6.4,7.9,,75.4,37.6,0.02,No,No,No,No,No,Yes,Water level high.,
2024-01-11,,Site #5 - Fallen Leaf Lake,,,,,,,,,,,,,,,,,,Cant access the lake. Water level into pkg lot.,
2023-10-12,13:00:00,Site #1 - East Boat Launch,17.8,Partly Cloudy,SE,0-5,762,18.4,8.15,7.8,130,65.3,0.07,No,Yes,No,No,No,,,
2024-02-01,14:30:00,Site #2 - Heritage Boat Launch,12.8,Partly Cloudy,SW,0-5,745,8.8,7.3,,66.7,33.5,0.03,No,No,No,No,No,No,DO meter read error. Sechhi disk 80cm,
2024-02-01,,Site #3 - Lacamas Shores Boat Launch,,,,,,,,,,,,,,,,,,Multi meter not working,
2024-02-01,10:30:00,Site #4 - Round Lake,10.4,Partly Cloudy,SE,0-5,750,9.5,9.1,9.2,70,35,,No,No,No,No,No,No,Phosphate test strip 5 PPM,
2024-02-01,,Site #5 - Fallen Leaf Lake,,,,,,,,,,,,,,,,,,Can’t acces lake.,
2023-10-05,12:30:00,Site #1 - East Boat Launch,20,Sunny,W,0-5,768,17.7,7.01,8.1,130.4,65.3,0.06,No,Yes,No,No,No,,,
2024-02-08,13:16:00,Site #2 - Heritage Boat Launch,7.8,Partly Cloudy,E,0-5,759,8.7,6.91,9.4,72,36.1,0.02,No,No,No,No,No,No,deteriorating Phylantothrix. Secchi 96cm,
2024-02-08,,Site #3 - Lacamas Shores Boat Launch,5,Partly Cloudy,W,0-5,763.2,8,7.83,8.7,76.7,38.3,0.02,No,No,No,No,No,No,Secchi disk 76.2 cm,
2024-02-08,11:10:00,Site #4 - Round Lake,6,Partly Cloudy,NW,0-5,758,7.9,7.75,9.3,71.3,35.7,0.04,No,No,No,No,No,No,Water murky,
2024-02-08,,Site #5 - Fallen Leaf Lake,,,,,,,,,,,,,,,,,,Cant access the lake.,
2023-09-28,,Site #1 - East Boat Launch,,,,,,,,,,,,,,,,,,,
2024-02-15,10:49:00,Site #2 - Heritage Boat Launch,4.4,Mostly Cloudy,N,0-5,759,6.9,7.2,10.1,77.6,38.7,0.03,No,No,No,No,No,No,Photo is Planktothrix from trawl. Secchi 80 cm,
2024-02-15,13:57:00,Site #3 - Lacamas Shores Boat Launch,7,Cloudy,NE,0-5,759.9,7.3,7.18,10.4,80.2,40.1,0.03,No,No,No,No,No,No,Secchi disk 60.96 cm,
2024-02-16,12:30:00,Site #4 - Round Lake,,Rain,SE,0-5,,,,,,,,No,No,No,No,No,No,Multi meter not working,
2024-02-16,12:15:00,Site #5 - Fallen Leaf Lake,,,,,,,,,,,,,,,No,,,Cant access the lake.,
2023-09-21,12:30:00,Site #1 - East Boat Launch,16.9,Partly Cloudy,NW,0-5,763.2,20.8,8.2,8.3,100,48,,No,Yes,No,No,No,,,
2024-02-22,13:46:00,Site #2 - Heritage Boat Launch,11.1,Partly Cloudy,NE,0-5,765.6,7.9,7.62,9.8,79.9,40,0.03,No,No,No,No,No,No,Secchi at 75 cm,
2024-02-22,11:40:00,Site #3 - Lacamas Shores Boat Launch,7.4,Sunny,No wind,0-5,765.5,7.4,7.56,9.8,82.7,41.2,0.04,No,No,No,No,No,No,Secchi disk at 76.2,
2024-02-23,13:15:00,Site #4 - Round Lake,11.3,Sunny,No wind,0-5,769.6,6.8,8.2,9.7,76.8,38.8,0.04,No,No,No,No,No,No,Water clear. Water level going down.,
2024-02-23,,Site #5 - Fallen Leaf Lake,,,,,,,,,,,,,,,,,,Cant access the lake.,
2023-09-14,12:15:00,Site #1 - East Boat Launch,23.3,Sunny,W,0-5,763,22.6,7.7,8.9,130,65,,No,Yes,No,No,No,,,
2024-02-29,11:50:00,Site #2 - Heritage Boat Launch,4.4,Cloudy,No wind,0-5,748,9.8,7.8,9.8,82.5,41.1,0.02,No,No,No,No,No,No,Photos of Planktothrix in trawl. Secchi 750 cm,
2024-02-29,14:45:00,Site #4 - Round Lake,9.8,Cloudy,SE,0-5,752.8,7.3,8.3,7.3,81.3,40.9,0.04,No,No,No,No,No,No,Gusts up to 8 mph,
2024-02-29,,Site #5 - Fallen Leaf Lake,,,,,,,,,,,,,,,,,,"Still cant access, water in parkinglot",
2024-03-02,12:20:00,Site #3 - Lacamas Shores Boat Launch,5.1,Cloudy,W,0-5,745.9,6.7,6.93,9.7,73.6,36.8,0.02,No,No,No,No,No,No,Sechhi disk 76.2 cm,
2024-03-07,16:40:00,Site #2 - Heritage Boat Launch,7.8,Sunny,S,0-5,769,8.4,7.8,10.2,71.2,35.7,0.02,No,No,No,No,No,No,Secchi 80cm,
2023-09-07,13:00:00,Site #1 - East Boat Launch,20,Partly Cloudy,No wind,0-5,759,22.7,8.3,5.16,125,59,,No,Yes,No,No,No,,,
2024-03-08,16:45:00,Site #4 - Round Lake,13.89,Sunny,NE,0-5,762.9,7.4,8.3,7.3,72.2,36.2,0.02,No,No,No,No,No,No,Water level lower and murky,
2024-03-08,,Site #5 - Fallen Leaf Lake,,,,,,,,,,,,,,,,,,"Still cant access, water in parkinglot",
2024-03-09,10:00:00,Site #3 - Lacamas Shores Boat Launch,9,Cloudy,NE,0-5,754,6.8,8.2,9.7,76.8,38.8,0.04,No,No,No,No,No,No,"Water shallow, 8 inches from dock.",
2023-09-01,13:00:00,Site #1 - East Boat Launch,22.8,Partly Cloudy,SE,,757.5,24.7,7.4,8.09,122,56,,Yes,Yes,Yes,No,No,,,
2024-03-14,11:37:00,Site #2 - Heritage Boat Launch,8.9,Sunny,N,0-5,769,10.3,7.8,9.6,77.3,38.6,0.03,No,No,No,No,No,No,Centric Diatoms noted. Secchi 100 cm,
2024-03-14,12:00:00,Site #4 - Round Lake,9.2,Sunny,No wind,0-5,766.1,9.2,8,8.1,75.4,37.7,0.03,No,No,No,No,No,No,1 Aphanizomenon in trawl.,
2024-03-14,12:54:00,Site #5 - Fallen Leaf Lake,8,Sunny,NW,0-5,776.2,9.5,7.52,10.5,88.6,44.3,0.04,No,No,No,No,No,No,Zooplankton in trawl. Water level still high,
2024-03-15,13:32:00,Site #3 - Lacamas Shores Boat Launch,6,Sunny,E,0-5,760.5,10.3,7.39,14.9,79.1,39.5,0.04,No,No,No,No,No,No,diatoms in trawl sample. Water low. Dock sitting on ground.,
2023-08-24,14:00:00,Site #1 - East Boat Launch,32,Sunny,SE,0-5,759,24.3,7.9,8.04,121,59,,Yes,Yes,No,No,No,,,
2024-03-21,13:40:00,Site #2 - Heritage Boat Launch,14.4,Cloudy,N,0-5,760,13.8,8.18,11.4,79.9,39.9,0.03,No,No,No,No,No,No,Centric & Pennate Diatoms noted. Secchi 100 cm,
2024-03-21,14:08:00,Site #3 - Lacamas Shores Boat Launch,15,Cloudy,NE,0-5,759.2,12,7.78,8.8,81.6,40.8,0.03,No,No,No,No,No,No,Water level low. Scum present. Planthorix in trawl,
2024-03-21,14:15:00,Site #4 - Round Lake,14.4,Cloudy,S,0-5,766,12.2,6.7,7.6,80.3,40.2,0.03,No,No,No,No,No,No,Centric Diatom noted. Water level low.,
2024-03-21,13:50:00,Site #5 - Fallen Leaf Lake,13,Cloudy,No wind,0-5,764.9,14.2,8.4,10.31,88.7,44.5,0.05,No,No,No,No,No,No,Planktothrix in trawl,
2023-08-17,11:00:00,Site #1 - East Boat Launch,22,Partly Cloudy,No wind,0-5,758,25.5,8.1,6.04,125,59,,No,Yes,No,No,No,,,
2024-03-28,13:56:00,Site #2 - Heritage Boat Launch,14.4,Cloudy,N,0-5,753,11.5,7.76,12,82.8,41.9,0.03,No,No,No,No,No,No,Secchi disk 90 cm.,
2024-03-28,17:36:00,Site #3 - Lacamas Shores Boat Launch,8.1,Cloudy,NE,0-5,752.5,10.5,7.63,9.5,86.6,43.3,0.04,No,No,No,No,No,No,Secchi disk 76.2 cm. Dolchi and Plankto in trawl,
2024-03-28,,Site #5 - Fallen Leaf Lake,,,,,,,,,,,,,,,,,,Could not access lake,
2024-03-29,14:30:00,Site #4 - Round Lake,15.5,Cloudy,NW,0-5,758.6,11.8,8.4,6.6,82.5,41.2,0.03,No,No,Yes,No,No,No,2 Microcysitis in noted and a 2 Centri Diatoms,
2024-04-04,13:02:00,Site #2 - Heritage Boat Launch,6.7,Rain,E,0-5,754,12.7,7.94,12,86.1,43.1,0.03,No,No,No,No,No,No,Centric & Pennate Diatoms noted.,
2024-04-04,13:30:00,Site #3 - Lacamas Shores Boat Launch,6.8,Cloudy,NE,0-5,758.12,11.5,8.3,12.1,86.4,43.3,0.04,No,No,No,No,No,No,"Gusts, secchi 76.2 cm",
2024-04-04,12:15:00,Site #5 - Fallen Leaf Lake,5,Cloudy,No wind,0-5,759,13.1,8.75,9.6,90.1,45.1,0.03,No,No,Yes,No,No,No,Water level high. Zooplanktons in trawl,
2023-08-10,14:00:00,Site #1 - East Boat Launch,27,Sunny,W,0-5,761,25.4,8.1,6.55,118,56,,No,No,No,No,No,,,
2024-04-11,13:04:00,Site #2 - Heritage Boat Launch,13.8,Partly Cloudy,N,0-5,756,11.7,8.14,11.7,86.1,43.1,0.03,No,No,No,No,No,No,Secchi disk at 105cm,
2024-04-11,11:00:00,Site #3 - Lacamas Shores Boat Launch,11.8,Partly Cloudy,No wind,0-5,757.3,11.8,6.52,10,85.5,42.7,0.03,No,No,No,No,No,No,Secchi disk at 76.2cm. Hit bottom. water clear,
2024-04-11,11:56:00,Site #4 - Round Lake,16.6,Partly Cloudy,SE,0-5,763,13.4,6.1,7.8,85.6,42.8,0.03,No,No,No,No,No,No,Water level high and clear.,
2023-08-04,11:00:00,Site #1 - East Boat Launch,24.6,Partly Cloudy,W,0-5,766,23,8.17,8.17,119,56,,No,No,No,No,No,,,
2024-04-17,13:39:00,Site #5 - Fallen Leaf Lake,17,Sunny,NW,0-5,767.5,17.8,7.54,9.5,87.9,34,0.05,No,No,Yes,No,No,Yes,Some scum on lake edge.,
2023-07-27,12:00:00,Site #1 - East Boat Launch,22.2,Sunny,W,0-5,764,24.7,8,5.82,117,56,,No,No,No,No,No,,,
2024-04-18,11:25:00,Site #2 - Heritage Boat Launch,14.4,Sunny,E,,767.8,14.4,6.63,7.5,86.4,43.3,0.04,No,No,No,No,No,Yes,Breezy. 1 Woronichinia noted,
2024-04-18,12:03:00,Site #3 - Lacamas Shores Boat Launch,15,Sunny,SE,10-15,761.2,13.7,7.6,10.6,86.4,43.2,0.04,No,No,No,No,No,No,Secchi disk visible from lake bottom @ 45.7cm,
2024-04-18,11:50:00,Site #4 - Round Lake,14.5,Sunny,SE,0-5,767.8,14.3,7.12,7.8,87,43.5,0.04,No,No,No,No,No,No,Breezy. Water level down from last week,
2023-07-21,11:00:00,Site #1 - East Boat Launch,18,Sunny,W,0-5,766,25.3,7.9,7.54,114,55,,No,No,No,No,No,,Noted lots of micro plastic,
2024-04-25,14:29:00,Site #2 - Heritage Boat Launch,11.7,Cloudy,SE,0-5,755,14.9,8.4,11.2,89.9,45,0.03,No,No,No,No,No,No,Centric & Pennate diatoms. Secchi 110cm. Trawl had Aphan & Micro,
2024-04-25,14:07:00,Site #3 - Lacamas Shores Boat Launch,10,Rain,SE,5-10,753.7,14.1,7.99,9,89.2,44.6,0.05,No,No,No,Yes,No,No,Secchi disk visible from lake bottom @ 45.7cm,
2024-04-25,13:00:00,Site #4 - Round Lake,6.66,Rain,SE,0-5,760.1,11.7,7.8,7.6,83.4,41.9,0.04,No,No,No,No,No,No,Breezy. Water level down from last week,
2024-04-25,12:05:00,Site #5 - Fallen Leaf Lake,12.6,Rain,SE,0-5,755.9,15.1,8.2,9.3,86.9,43.9,0.04,No,No,No,No,No,No,Trawl had diatoms and plantothrix,
2023-07-14,10:30:00,Site #1 - East Boat Launch,24,Sunny,No wind,0-5,765,24,8.5,8.5,111,54,,No,No,No,No,No,,,
2024-05-02,11:30:00,Site #4 - Round Lake,12.2,Mostly Cloudy,NE,0-5,756.5,13.6,6.8,7.5,91.6,45.9,0.04,No,No,No,No,No,No,No trawl.,
2024-05-02,12:50:00,Site #5 - Fallen Leaf Lake,15,Partly Cloudy,No wind,0-5,756.9,15.8,8.33,9.5,87.4,43.6,0.04,No,No,No,No,No,No,"Trawl had diatoms and elevated plantothrix, microcy, Woronich",
2024-05-08,11:40:00,Site #5 - Fallen Leaf Lake,20,Sunny,NW,0-5,768.9,16.9,8.19,8.6,84.1,42.1,0.04,No,No,No,No,No,No,Gusty. Scum visible along edge,
2023-07-07,9:45:00,Site #1 - East Boat Launch,19.3,Cloudy,S,0-5,756.5,22.5,8.24,6.9,112.5,56.2,0.06,No,NO,No,No,No,,,
2024-05-09,14:02:00,Site #2 - Heritage Boat Launch,14.1,Sunny,E,0-5,763,14.1,7.76,11.1,70.8,35.2,0.03,No,No,No,No,No,No,Secchi 90 cm. Centric & Penne,
2024-05-09,13:00:00,Site #3 - Lacamas Shores Boat Launch,23,Sunny,SE,10-15,762.3,15.3,7.22,9.3,69.1,34.5,0.04,No,No,No,No,No,No,Secchi 76.2cm,
2024-05-09,11:10:00,Site #4 - Round Lake,13.7,Sunny,No wind,0-5,769.3,13.7,7.38,6.7,71.5,35.6,0.04,No,No,No,No,No,No,No trawl.,
2023-06-29,14:00:00,Site #1 - East Boat Launch,23.9,Sunny,W,0-5,763,25.6,8,6.9,97,48,,No,No,No,No,No,,,
2024-05-16,14:38:00,Site #2 - Heritage Boat Launch,29.5,Partly Cloudy,No wind,0-5,758,20.2,8.57,11.6,75.5,37.8,0.03,No,No,No,No,No,No,Secchi 80 cm. Trawl had Aphanizomenon,
2024-05-16,16:45:00,Site #4 - Round Lake,20,Cloudy,No wind,0-5,762.6,20.8,7.67,8.2,74.3,32.3,0.04,No,No,No,No,No,No,Water level high,
2024-05-16,12:15:00,Site #5 - Fallen Leaf Lake,21.5,Sunny,NW,0-5,764.58,21.5,8.08,8.7,84.7,42.4,0.03,No,No,No,No,No,No,Trawl had Dolichosperum & zooplankton,
2024-05-19,7:45:00,Site #3 - Lacamas Shores Boat Launch,14,Partly Cloudy,No wind,0-5,762.5,16.9,7.6,9.4,78.9,39.4,0.04,No,No,No,No,No,No,Secchi disk 91.44cm,
2023-06-23,14:30:00,Site #1 - East Boat Launch,22.6,Sunny,W,0-5,761.4,21.5,9.2,,112,56,,No,No,No,No,No,,,
2024-05-23,14:34:00,Site #2 - Heritage Boat Launch,10.6,Cloudy,N,0-5,761,15.9,8.24,10.7,80.4,40.2,0.03,No,No,No,No,No,No,Trawl had Dolicsp. sechhi 120cm heavy rain,
2024-05-23,14:40:00,Site #4 - Round Lake,15.4,Cloudy,No wind,0-5,766.3,16,8.1,9.1,78.6,38.9,0.04,No,No,No,No,No,No,Water level high from heavy rain.,
2024-05-23,12:50:00,Site #5 - Fallen Leaf Lake,14,Cloudy,NW,0-5,767.02,16.9,8.25,7.7,86.9,43.5,0.03,No,No,No,No,No,No,"Trawl had Dolichosp , Apha, Micrysis",
2023-06-14,13:00:00,Site #1 - East Boat Launch,16,Sunny,SW,0-5,767,22,7.81,4.93,101,48,,No,No,No,No,No,,,
2024-05-30,14:51:00,Site #2 - Heritage Boat Launch,17.2,Sunny,NW,0-5,766,17.9,9.07,12.2,83.9,41.9,0.03,No,No,No,No,No,No,Diatoms & Fragilania noted. Secchi 90cm,
2024-05-30,17:20:00,Site #3 - Lacamas Shores Boat Launch,18,Sunny,NW,5-10,763.7,16.9,8.66,11.5,85.1,42.6,0.03,No,No,No,No,No,No,"Centric Diatoms noted. Secchi 60.96, murky",
2024-05-30,10:45:00,Site #4 - Round Lake,14.4,Partly Cloudy,W,0-5,773.8,18.1,8.6,8.7,81.9,41.1,0.04,No,No,No,No,No,No,Water level high.,
2024-05-30,12:00:00,Site #5 - Fallen Leaf Lake,18,Sunny,NW,0-5,771.4,19.4,8.7,9.8,81.3,42.2,0.04,No,No,Yes,No,No,No,Zooplankton noted,
2023-06-09,11:30:00,Site #1 - East Boat Launch,13.9,Rain,W,0-5,764,20.3,8.5,8.98,98,46,,No,No,No,No,No,,,
2024-06-06,14:34:00,Site #2 - Heritage Boat Launch,21.1,Sunny,NW,0-5,757,18.4,8.24,11.2,92.2,46.1,0.04,No,No,No,No,No,No,Diatoms. Pics from trawl. Secchi 100cm,
2024-06-06,15:00:00,Site #4 - Round Lake,14.4,Sunny,W,0-5,763.2,18.1,8.65,8.7,81.9,41.1,0.04,No,No,No,No,No,No,Water level down by 3,
2024-06-06,12:47:00,Site #5 - Fallen Leaf Lake,21,Sunny,NW,0-5,764.8,21.9,8.27,8.3,89,45,0.03,No,No,No,No,No,No,Trawl has Aphan/elevated & Dollicho,
2024-06-07,16:47:00,Site #3 - Lacamas Shores Boat Launch,27,Sunny,W,5-10,752.1,19.2,8.06,10.8,88,44.1,0.05,No,No,No,No,No,No,Pennate Diatoms. Secchi 2.5,
2023-05-26,12:05:00,Site #1 - East Boat Launch,24.4,Sunny,W,0-5,759,21.4,7.64,8.6,93,41,,No,No,No,No,No,,,
2024-06-13,10:56:00,Site #2 - Heritage Boat Launch,19.4,Sunny,W,0-5,764.3,19.9,7.56,6.6,86.2,45.3,0.04,No,No,No,No,No,No,Secchi 250cm Pennate Diatoms,
2024-06-13,17:04:00,Site #3 - Lacamas Shores Boat Launch,20,Partly Cloudy,W,10-15,757,20,8.16,9.8,89.8,45,0.04,No,No,No,No,No,No,Ciliates. Water leve increased to 3 Secchi 2,
2024-06-13,10:40:00,Site #4 - Round Lake,19.1,Sunny,W,0-5,765.4,20.8,6.23,7.1,91.1,45.5,0.04,No,No,No,No,No,No,Water level up 3,
2024-06-13,13:50:00,Site #5 - Fallen Leaf Lake,16.3,Partly Cloudy,NW,0-5,764.2,23.3,8.11,8.5,85.2,42.6,0.03,Yes,Yes,Yes,No,No,No,Trawl has elevated levels,
2023-05-18,11:30:00,Site #1 - East Boat Launch,18.9,Sunny,W,0-5,761,24.1,7.7,,89,43,,No,No,No,No,No,,,
2024-06-20,13:20:00,Site #2 - Heritage Boat Launch,29.4,Sunny,W,0-5,756,23.9,9.19,13.5,92.5,46.3,0.04,No,Yes,No,No,No,No,Centric & Pennate. wl is Dolci & Aphani,
2024-06-20,17:43:00,Site #3 - Lacamas Shores Boat Launch,29,Sunny,NW,5-10,753.2,21.6,8.42,10.4,92.5,46.2,0.04,No,No,No,No,No,No,Secchi 2ft. Murky. Trawl has Dolichi & Plankto,
2024-06-20,12:25:00,Site #4 - Round Lake,27.6,Sunny,W,0-5,761.7,22,7.46,7.7,92.8,46.4,0.04,No,No,No,Yes,No,No,Water clear. Lots of kids,
2024-06-20,12:50:00,Site #5 - Fallen Leaf Lake,28.2,Sunny,NW,0-5,761.9,22.8,7.64,6.5,88.9,42.1,0.04,Yes,No,No,No,No,No,Level high and murky. High users,
2023-05-11,12:30:00,Site #1 - East Boat Launch,25,Sunny,W,0-5,760.8,19.8,8.56,11.2,87,44,,No,No,No,No,No,,,
2024-06-27,14:48:00,Site #2 - Heritage Boat Launch,20,Mostly Cloudy,W,0-5,760,21.3,9.01,10.4,97.1,48.5,0.04,No,Yes,No,No,No,No,Secchi 110. Trawl elevated. Oil spill.,
2024-06-27,17:00:00,Site #3 - Lacamas Shores Boat Launch,23,Mostly Cloudy,W,5-10,759.7,22.6,8.75,9.8,98,49,0.05,No,Yes,No,No,No,No,Secchi 103. Murky. Trawl has Dolci,
2024-06-27,14:25:00,Site #4 - Round Lake,20,Mostly Cloudy,NW,0-5,765.8,22.4,5.48,6.4,94.5,47.4,0.04,No,No,No,Yes,No,No,Cilates noted. Water level high,
2024-06-27,12:00:00,Site #5 - Fallen Leaf Lake,23,Cloudy,No wind,0-5,765.9,21.9,7.47,6.4,86.5,43.2,0.05,No,No,No,No,No,No,Trawl has all targets elevated,
2023-05-04,13:30:00,Site #1 - East Boat Launch,10,Rain,SE,0-5,758,15.8,7.9,6.67,38,64,,No,No,No,No,No,,,
2024-07-03,14:11:00,Site #2 - Heritage Boat Launch,21.1,Sunny,SW,0-5,761.2,23.4,8.78,10,98.6,49.3,0.04,Yes,No,No,No,No,No,Secchi 120. Dolci & Aphaniz in trawl,
2026-06-11,12:15:00,Site #2 - Heritage Boat Launch,20,Sunny,NW,0-5,761,19.7,9.06,10.4,103.6,51.8,0.04,No,Yes,No,No,No,No,"Pennate D. , Secchi @140cm. Trawl had all other cyanos.",
2026-06-11,11:00:00,Site #4 - Round Lake,20.7,Sunny,No wind,0-5,760,19.8,7.29,8.6,101.1,50.6,0.04,No,No,No,No,No,No,No targets,
2026-06-11,12:27:00,Site #5 - Fallen Leaf Lake,26.9,Sunny,No wind,0-5,766,21.2,6.42,7.9,78.4,39.2,0.04,No,No,No,No,No,No,High water. Trawl full,
2026-06-17,18:00:00,Site #3 - Lacamas Shores Boat Launch,26,Mostly Cloudy,W,0-5,752.5,23.4,9.56,11.6,108.1,54,0.05,Yes,Yes,Yes,No,No,No,Secchi 3 ft.  Other cyano,
2024-07-04,11:00:00,Site #4 - Round Lake,22.8,Sunny,W,0-5,768.4,23.2,6.78,5.6,96.9,48.4,0.04,No,No,No,No,No,No,oil spill noted,
2024-07-04,12:22:00,Site #5 - Fallen Leaf Lake,26,Sunny,NW,0-5,766,23.9,8.15,7.4,87.9,43.4,0.04,No,No,No,No,No,No,Zoopl in protocol. All targets in trawl,
2024-07-05,14:29:00,Site #3 - Lacamas Shores Boat Launch,25,Sunny,NW,0-5,758.5,22.9,8.3,9.1,100.6,50.3,0.05,No,Elevated,No,Yes,No,No,"Ciliates, secchi1.5 Depth 4.",
2023-04-20,11:00:00,Site #1 - East Boat Launch,7.2,Rain,NE,0-5,771,10.6,7.5,6.8,48,24,,No,No,No,No,No,,,
2024-07-11,13:31:00,Site #2 - Heritage Boat Launch,24.1,Sunny,W,0-5,760,27.5,8.5,8.4,103,51.5,0.04,No,No,No,No,No,No,"Trawl has Aphan, Plankto, & Raphi & Centric, Water clear & high",
2024-07-11,6:46:00,Site #3 - Lacamas Shores Boat Launch,26,Sunny,NW,5-10,752.3,26.2,8.7,9.1,103.7,52.3,0.05,Yes,Elevated,No,Yes,No,No,"Ciliates, secchi 2.5, depth 4.5",
2024-07-11,10:53:00,Site #4 - Round Lake,24,Sunny,W,0-5,760.4,26.7,7.35,5.4,102.5,51.1,0.05,No,Yes,No,No,No,No,Water level high,
2024-07-11,12:15:00,Site #5 - Fallen Leaf Lake,23,Sunny,NW,0-5,762.27,26,8.28,6.4,88.3,44.2,0.04,No,No,No,No,No,No,5 target species in trawl. Very crowded.,
2023-04-06,12:40:00,Site #1 - East Boat Launch,10,Rain,SE,0-5,759,11,7.9,6.7,56,28,,No,No,No,No,No,,,
2024-07-18,11:38:00,Site #2 - Heritage Boat Launch,23.3,Sunny,W,0-5,761,25.1,8.38,8.1,107.9,54,0.05,No,Yes,No,No,No,No,Trawl had the other targets. Secchi 170. Dinofl in protocol,
2024-07-18,12:04:00,Site #4 - Round Lake,23,Sunny,No wind,0-5,759.4,27.3,6.33,4.7,104.8,52.4,0.06,No,Yes,No,No,No,No,Water very green color,
2024-07-18,12:00:00,Site #5 - Fallen Leaf Lake,25,Sunny,No wind,0-5,768.2,26.7,7.9,6.7,89.4,44.7,0.04,No,No,No,No,No,No,Trawl had all targets,
2024-07-19,6:35:00,Site #3 - Lacamas Shores Boat Launch,30,Sunny,NW,5-10,758.7,26.9,8.5,9.8,106.8,53.1,0.05,No,Elevated,No,No,No,No,Ciliates. Secchi 76.2 Plankto & Ahem,
2023-03-30,13:15:00,Site #1 - East Boat Launch,11,Cloudy,SE,0-5,759,10.2,8.51,6.6,56,28,,No,No,No,No,No,,,
2024-07-25,13:31:00,Site #2 - Heritage Boat Launch,21.1,Partly Cloudy,W,0-5,765,23.7,8.4,8.7,109.7,54.9,0.05,Yes,,No,No,No,No,Secchi 110cm. Dino & cyanos. Trawl had elevated targets,
2024-07-25,12:00:00,Site #4 - Round Lake,17,Partly Cloudy,NW,0-5,764.1,24.6,6.57,5.1,105.8,52.9,0.05,Yes,Yes,Yes,Yes,No,No,Trawl had elevated targets.,
2024-07-25,13:50:00,Site #5 - Fallen Leaf Lake,22,Partly Cloudy,NW,0-5,762.2,24.9,8.5,7.7,92,45.9,0.04,Yes,No,No,No,No,No,"Trawl has elevated Apho, Dolico, Plankto, Diatoms& Dinof",
2024-07-27,10:48:00,Site #3 - Lacamas Shores Boat Launch,17,Partly Cloudy,NW,0-5,754.6,22.9,8.59,6.6,110.7,53.3,0.05,Yes,Elevated,No,Yes,No,No,"Ciliates, Secchi 91.44 cm",
2024-08-01,14:45:00,Site #2 - Heritage Boat Launch,27.6,Partly Cloudy,W,0-5,764.3,25.2,8.9,10.7,108.3,54.3,0.05,Yes,Yes,Yes,Yes,Yes,Yes,Murky. Trawl had elevated levels. Secchi at 97cm,
2024-08-01,12:36:00,Site #3 - Lacamas Shores Boat Launch,29.6,Sunny,NW,0-5,764.2,24.9,9.9,11.9,109.4,54.7,0.05,No,Yes,No,No,No,No,Murky. Water level high. Secchi @ 100cm,
2024-08-01,14:50:00,Site #4 - Round Lake,32,Sunny,No wind,0-5,755.3,25.9,8.12,8.4,103.6,54.4,0.05,No,Yes,No,No,No,No,Murky.,
2024-08-01,12:15:00,Site #5 - Fallen Leaf Lake,29,Sunny,NW,0-5,762.2,25.4,8.23,8,106.3,53.3,0.04,No,Yes,Yes,No,No,No,Scum. Trawl elevated.,
2023-03-25,12:05:00,Site #1 - East Boat Launch,3.7,Cloudy,E,0-5,766.3,9.1,8.88,10.8,,,,No,No,No,No,No,,,
2023-03-16,15:00:00,Site #1 - East Boat Launch,12.6,Sunny,E,0-5,764.1,7.2,8.7,10.8,45,22,,No,No,No,No,No,,,
2024-08-08,13:45:00,Site #2 - Heritage Boat Launch,30,Sunny,N,0-5,751,27.1,9.04,8.4,112,55.9,0.05,No,Elevated,No,No,No,No,Trawl had all targets. Secchi 80cm.,
2024-08-08,10:58:00,Site #3 - Lacamas Shores Boat Launch,24.4,Sunny,W,0-5,751.2,24.6,9.37,11.8,114.3,51.1,0.06,No,Elevated,No,No,No,No,Trawl elevated Dolic. Secchi 1 meter. Water depth 4.3 ft. Murky,
2024-08-08,11:45:00,Site #4 - Round Lake,24,Partly Cloudy,No wind,0-5,755.5,26.2,6.31,6.7,108.6,54.4,0.06,Yes,Elevated,Yes,Yes,No,No,Water is murky,
2024-08-08,12:57:00,Site #5 - Fallen Leaf Lake,29,Sunny,NW,0-5,769.6,24.6,8.44,8.1,91.7,45.8,0.05,No,Yes,No,No,No,No,Lots of kids. Trawl had nothing.,
2023-03-09,13:30:00,Site #1 - East Boat Launch,9.9,Cloudy,SE,0-5,755,6.7,7.5,6.83,81,38,,No,No,No,No,No,,,
2024-08-15,13:35:00,Site #2 - Heritage Boat Launch,22.8,Mostly Cloudy,N,0-5,761,23.4,8.76,7,114.9,57.4,0.05,Yes,Yes,No,No,No,No,Murky. Trawl had elevated levels. Secchi at 97cm,
2024-08-15,17:15:00,Site #3 - Lacamas Shores Boat Launch,23,Cloudy,NW,0-5,758.5,23,8.86,7.3,115.5,57.8,0.06,Yes,Elevated,No,No,No,No,Level depth 4.28. Secchi disc 3,
2024-08-15,13:08:00,Site #4 - Round Lake,22.2,Cloudy,NW,0-5,765.2,22.9,7.57,9.7,92.4,46.6,0.04,No,Yes,No,No,No,No,Murky. Centric Diatoms & Dinoflag,
2024-08-15,13:33:00,Site #5 - Fallen Leaf Lake,22.2,Cloudy,SE,0-5,765.7,23.3,8.56,11.1,110.3,53.1,0.05,Yes,Elevated,Yes,No,No,No,Murky. Centric Diatom &Dinofl,
2024-08-21,10:10:00,Site #4 - Round Lake,22.9,Cloudy,NE,0-5,760,22.7,8.29,6.9,113.8,56.9,0.05,No,No,No,No,No,No,Dolchio in trawl. Water level dropped 2+ ft,
2023-03-02,12:15:00,Site #1 - East Boat Launch,10,Mostly Cloudy,W,0-5,763.7,8.3,7.4,10.9,72,35,,No,No,No,No,No,,,
2024-08-22,14:39:00,Site #2 - Heritage Boat Launch,20,Cloudy,SE,0-5,755,22,8.81,8.1,119.6,59.8,0.05,Yes,,No,No,No,Yes,Scum. Secchi 80 cm. Centric Diatom,
2024-08-22,16:25:00,Site #3 - Lacamas Shores Boat Launch,20,Cloudy,SE,0-5,758.6,21.7,8.3,8.3,117.5,58.8,0.05,Yes,Yes,Yes,No,No,No,Water level 3. Secchi 2,
2024-08-22,13:00:00,Site #5 - Fallen Leaf Lake,18,Cloudy,SW,0-5,764.37,22.6,8.09,8.9,94.3,47.2,0.04,Yes,Yes,Yes,No,Yes,No,Trawl elevated of all species,
2024-08-24,11:40:00,Site #3 - Lacamas Shores Boat Launch,26,Sunny,NW,0-5,758.1,21.1,8.3,7,120.7,60.3,0.06,Yes,Yes,No,No,No,No,"Ciliates present, Depth at 3, secchi 2.5",
2023-02-16,13:50:00,Site #1 - East Boat Launch,14,Cloudy,No wind,0-5,767,8.4,7.5,9.11,74,34,,No,No,No,No,No,,,
2024-08-29,11:45:00,Site #2 - Heritage Boat Launch,21,Sunny,NE,0-5,759,21.3,7.88,7.5,121.7,60.8,0.05,Yes,Yes,No,No,No,No,"Trawl elevelated With Aph, Dolich, & Worch. Secchi 140cm.",
2024-08-29,16:15:00,Site #4 - Round Lake,30.5,Sunny,E,0-5,755,22.2,6.44,5.7,116.7,58.4,0.05,Yes,Elevated,No,Yes,Yes,No,water murky,
2024-08-30,13:30:00,Site #5 - Fallen Leaf Lake,23,Sunny,NW,0-5,764.7,23.1,8.49,7.1,93.5,46.5,0.05,No,Yes,Yes,No,No,No,Woronichina in trawl.,
2023-02-09,14:00:00,Site #1 - East Boat Launch,17.4,Sunny,W,0-5,766.3,8.9,7.75,10.3,102,35,,No,No,No,No,No,,,
2024-09-05,12:00:00,Site #2 - Heritage Boat Launch,31.7,Sunny,S,0-5,759,23.6,8.12,8.7,123.1,61.4,0.05,Yes,Yes,No,No,No,No,Secchi 140cm. Trawl had elevated targets & dinoflag.,
2024-09-05,,Site #3 - Lacamas Shores Boat Launch,,,,,,,,,,,,,,,,,,,
2024-09-05,12:00:00,Site #4 - Round Lake,28.3,Sunny,W,0-5,764.4,22.3,6.23,4.5,121.3,60.6,0.06,Yes,Yes,No,No,Yes,No,Water murky.,
2024-09-05,13:40:00,Site #5 - Fallen Leaf Lake,27,Sunny,W,0-5,764.3,24.7,8.1,7.3,92.1,46,0.04,No,Yes,Yes,No,No,No,"Trawl had Dolic, Woronch, &zooplank",
2023-02-02,15:20:00,Site #1 - East Boat Launch,14.1,Sunny,W,0-5,766.3,8.9,7.8,9.7,73,33,,No,No,No,No,No,,,
2024-09-12,12:25:00,Site #2 - Heritage Boat Launch,16.7,Mostly Cloudy,N,0-5,758,21.5,7.9,6.5,126,62.9,0.06,No,Yes,No,No,No,No,"Diatoms too. Secchi @ 125 cm. Trawl had Aph, Dol, mico, Worch",
2024-09-12,17:10:00,Site #4 - Round Lake,20,Cloudy,NW,0-5,756.9,21.4,7.3,5.6,121.8,60.9,0.05,Yes,Elevated,Yes,No,No,No,Cilates noted.,
2024-09-12,13:00:00,Site #5 - Fallen Leaf Lake,20.1,Cloudy,NW,0-5,764.3,22.1,8.1,6.1,95.1,45,0.04,No,Yes,Yes,No,No,No,"Trawl had Doli, Woroch & Asteriondilia",
2023-01-26,15:45:00,Site #1 - East Boat Launch,13.9,Cloudy,SE,0-5,778,9.4,7.6,7.6,72,33,,No,No,No,No,No,,,
2024-09-19,13:34:00,Site #2 - Heritage Boat Launch,18.3,Partly Cloudy,SE,0-5,759,19.3,7.8,6.48,129.6,64.8,0.05,Yes,Yes,Yes,No,No,Yes,Lake down 1.5 meters. Secchi 120cm,
2024-09-19,11:50:00,Site #4 - Round Lake,18.3,Mostly Cloudy,NW,0-5,756.6,19.2,7.7,7.9,126.6,63.3,0.05,Yes,Yes,Yes,Yes,Yes,No,Centric Diatoms. Water level dropped,
2024-09-19,12:17:00,Site #5 - Fallen Leaf Lake,16,Cloudy,N,0-5,764.4,19.5,7.2,9.7,94.9,47.5,0.04,No,Yes,No,No,No,No,Trawl had Doli. Had Centric Diatoms,
2024-09-21,6:06:00,Site #3 - Lacamas Shores Boat Launch,21,Sunny,No wind,0-5,759.1,20,7.9,7.2,128.8,64.3,0.05,Yes,Elevated,No,Yes,No,No,Lake down. No trawl. Penniate Diatoms & Dinoflag,
2023-01-19,15:15:00,Site #1 - East Boat Launch,8.9,Cloudy,S,0-5,722.2,7.3,7.6,9.8,73,35,,No,No,No,No,No,,,
2024-09-27,14:51:00,Site #2 - Heritage Boat Launch,18.9,Sunny,W,0-5,758,20.4,7.6,5,131.4,65.9,0.06,Yes,Yes,Yes,No,No,No,"Centric Diatoms, Secchi 110cm. Lake level down 2-3 meters",
2024-09-27,,Site #3 - Lacamas Shores Boat Launch,,,,,,,,,,,,,,,,,,Cant access water,
2024-09-27,,Site #4 - Round Lake,,,,,,,,,,,,,,,,,,Cant access water,
2024-09-27,13:00:00,Site #5 - Fallen Leaf Lake,19.2,Partly Cloudy,NW,0-5,765.7,20.2,7.7,7.8,93.1,46.7,0.05,Yes,No,Yes,No,No,No,"Water clear, level a little higher from recent rain.",
2023-01-12,15:00:00,Site #1 - East Boat Launch,15.1,Cloudy,SE,,758.7,9.4,7.6,10.25,69,32,,No,No,No,No,No,,,
2024-10-03,11:56:00,Site #2 - Heritage Boat Launch,16.7,Sunny,E,0-5,757,17.5,7.4,5.3,133.9,66.9,0.06,Yes,Yes,,No,No,No,"Centric Diatoms, Secchi 110cm. Trawl had lots of all",
2024-10-03,,Site #3 - Lacamas Shores Boat Launch,,,,,,,,,,,,,,,,,,,
2024-10-03,,Site #4 - Round Lake,,,,,,,,,,,,,,,,,,,
2024-10-03,12:12:00,Site #5 - Fallen Leaf Lake,19.2,Sunny,NW,0-5,765.4,18.8,7.9,7.2,94.9,47.4,0.05,Yes,No,No,No,No,No,"Other Zoopl. Trawl had Dolic, Apha,",
2023-01-05,13:30:00,Site #1 - East Boat Launch,12.1,Rain,SE,0-5,753.8,8.6,7.26,9.4,66,31,,No,No,No,No,No,,,
2024-10-10,14:34:00,Site #2 - Heritage Boat Launch,17.2,Partly Cloudy,N,0-5,760,17.2,7.4,5.6,135.3,67.7,0.05,No,Yes,No,No,No,No,"Secchi 130cm. Trawl had Aph, Dolic, Micro & Woron.",
2024-10-10,,Site #4 - Round Lake,,,,,,,,,,,,,,,,,,Not available,
2024-10-10,13:42:00,Site #5 - Fallen Leaf Lake,18.7,Partly Cloudy,NW,0-5,765.2,17.4,7.9,7.3,95.2,47.6,0.04,Yes,Yes,No,No,No,No,"Water level normal. Clear. Trawl had doc, aph, & centrics",
2024-10-13,6:04:00,Site #3 - Lacamas Shores Boat Launch,20,Sunny,No wind,0-5,757.3,18.4,8.1,7.2,130.2,65.1,0.07,Yes,Yes,No,Yes,No,No,Level down by 50 from dock. So low no trawl.,
2024-10-17,16:00:00,Site #2 - Heritage Boat Launch,12.5,Cloudy,NW,0-5,769.9,15.1,7.3,7.3,132.5,67.7,0.06,No,Yes,Yes,No,No,Yes,Secchi 125c. Water cloudy.,
2023-01-04,12:00:00,Site #1 - East Boat Launch,7.2,Rain,SE,0-5,767,7.7,7.7,11.1,118,59.6,0.04,No,No,No,No,No,No,Shore lined with rotting lily pad stems,
2024-10-18,,Site #3 - Lacamas Shores Boat Launch,,,,,,,,,,,,,,,,,,Cant access the water.,
2024-10-18,,Site #4 - Round Lake,,,,,,,,,,,,,,,,,,,
2024-10-18,16:00:00,Site #5 - Fallen Leaf Lake,17.5,Partly Cloudy,NW,0-5,766,16.8,7.8,12.3,94,47,0.04,Yes,Yes,Yes,No,No,Yes,Water level normal and clear. Centric Diatoms,
2024-10-20,13:13:00,Site #3 - Lacamas Shores Boat Launch,19,Partly Cloudy,SW,0-5,757,18.1,8.1,9.1,128.9,64.4,0.07,No,Yes,No,No,No,No,Too shallow for trawl & secchi. ,
2022-12-29,13:00:00,Site #1 - East Boat Launch,12.1,Rain,SE,0-5,753.8,8.6,7.26,9.44,66,31,,No,No,No,No,No,,,
2024-10-24,14:10:00,Site #2 - Heritage Boat Launch,13.3,Partly Cloudy,W,0-5,768.1,14.1,6.9,9.6,136.6,68.2,0.06,No,No,Elevated,No,No,No,"Centric D noted. Water wtih green slime.  Secchi 130, lake depth from dock 3.5 meters",
2024-10-24,,Site #3 - Lacamas Shores Boat Launch,,,,,,,,,,,,,,,,,,,
2024-10-24,11:00:00,Site #4 - Round Lake,14.4,Partly Cloudy,W,0-5,754.6,14.5,6.9,5.9,135.4,67.6,0.05,No,No,No,No,No,Yes,Water murky. Water level rising,
2024-10-24,,Site #5 - Fallen Leaf Lake,,,,,,,,,,,,,,,,,,,
2024-10-31,13:22:00,Site #2 - Heritage Boat Launch,12.4,Rain,N,0-5,783,12.6,7.8,6.5,135.7,63,0.06,No,No,No,No,No,Yes,Secchi 100cm,
2024-10-31,,Site #3 - Lacamas Shores Boat Launch,,,,,,,,,,,,,,,,,,Not available,
2024-10-31,16:10:00,Site #4 - Round Lake,10,Cloudy,W,0-5,758.4,12.4,6.67,5.2,130.6,54,0.07,No,No,No,No,No,Yes,Level higher. No green slime. ,
2024-10-31,,Site #5 - Fallen Leaf Lake,11,Rain,N,0-5,758,12.7,7.7,5.1,94.3,47.3,0.05,No,No,No,No,No,No,Flooded. Aphanz & Centric in trawl.,
2022-12-16,13:00:00,Site #1 - East Boat Launch,10,Partly Cloudy,SW,0-5,772.4,9.3,7.4,10.01,75,37,,No,No,No,No,No,,None,
2022-12-09,13:00:00,Site #1 - East Boat Launch,10.3,Cloudy,NE,0-5,757.1,6.6,7.25,10.8,86,33,,No,No,No,No,No,,No target species in protocol sample.,
2024-11-07,13:35:00,Site #2 - Heritage Boat Launch,13.9,Sunny,S,0-5,755,12.1,7.63,7.7,127.4,63.8,0.05,No,No,No,No,No,Yes,Secchi 110cm,
2024-11-07,,Site #3 - Lacamas Shores Boat Launch,,,,,,,,,,,,,,,,,,Not available,
2024-11-07,16:40:00,Site #4 - Round Lake,12.8,Partly Cloudy,W,0-5,754,11.4,6.08,5.7,125.8,51,0.06,No,No,No,No,No,Yes,Level higher. Green. 1 ft secchi,
2024-11-07,12:30:00,Site #5 - Fallen Leaf Lake,14.4,Sunny,No wind,0-5,,13.2,7.5,5,95.7,48,0.05,Yes,Yes,Yes,No,No,No,Water level high.,
2022-11-17,13:00:00,Site #1 - East Boat Launch,10.5,Sunny,E,25+,730,6.7,8.65,9.6,56,38,,No,No,No,No,No,,"Possible fragments of Dolichospermum in trawl, but tough to ID. Nothing in protocol sample.",
2024-11-14,12:41:00,Site #2 - Heritage Boat Launch,10.6,Mostly Cloudy,S,0-5,758,11.3,7.5,7.4,123.1,61.7,0.05,No,No,No,No,No,Yes,,
2024-11-14,,Site #4 - Round Lake,,,,,,,,,,,,,,,,,,,
2024-11-15,15:01:00,Site #3 - Lacamas Shores Boat Launch,8,Partly Cloudy,No wind,0-5,759.8,11.2,7.94,6.5,113.6,56.8,0.04,No,No,No,No,No,No,,
2024-11-15,17:25:00,Site #5 - Fallen Leaf Lake,8.3,Rain,N,0-5,767,10.4,5.95,5.1,122.2,61.1,0.05,No,No,No,No,No,Yes,,
2022-11-10,13:00:00,Site #1 - East Boat Launch,15.3,Partly Cloudy,SW,0-5,771,12.2,8.43,5.34,104,62,,No,Yes,No,No,No,,Increased darker brown suspended sediment/lower water clarity. Dolichospermum fragments in trawl and protocol indicate potential die off,
2024-11-21,14:21:00,Site #2 - Heritage Boat Launch,10,Cloudy,S,0-5,762,9.9,7.6,8.7,101.6,51.6,0.04,No,No,No,No,No,Yes,,
2024-11-21,14:00:00,Site #4 - Round Lake,10.3,Partly Cloudy,No wind,0-5,761.2,9.3,8.4,8.1,101.5,50.7,0.05,No,No,No,No,No,Yes,,
2024-11-28,12:55:00,Site #5 - Fallen Leaf Lake,6.3,Partly Cloudy,N,0-5,760.4,7.4,9.2,6.4,94.2,47,,No,No,No,No,No,No,,
2022-11-03,13:00:00,Site #1 - East Boat Launch,12.6,Rain,,0-5,769.4,12.3,7.28,7.91,131,83,,No,Yes,No,No,No,,"Dolichospermum in trawl. Large algal matts, but thinner than others shown in photos exchanged via text today.",
2024-12-05,13:15:00,Site #2 - Heritage Boat Launch,7.2,Sunny,S,0-5,766,6.3,7.8,9.5,88.4,44.3,0.03,No,No,No,No,No,No,,
2024-12-05,,Site #4 - Round Lake,,,,,,,,,,,,,,,,,,,
2024-12-05,12:25:00,Site #5 - Fallen Leaf Lake,5,Sunny,SW,0-5,765.3,7.9,7.82,5,94.2,47,,No,No,No,No,No,No,,
2024-12-06,11:14:00,Site #3 - Lacamas Shores Boat Launch,5,Partly Cloudy,NE,0-5,765.5,6.1,7.2,9.1,89.1,44.5,0.03,No,No,No,No,No,No,,
2022-10-27,13:30:00,Site #1 - East Boat Launch,18.7,Partly Cloudy,SE,0-5,765,16.5,7.48,8.1,125,77,,No,Yes,No,No,No,,"Some Dolichospermum & Microcystis in trawl, not elevated. No signs of algal matts, but many blooms noted on opposite side of lake.",
2024-12-12,15:17:00,Site #2 - Heritage Boat Launch,3.3,Rain,SE,0-5,754,5.7,7.9,10,90,45,0.03,No,No,No,No,No,No,,
2024-12-12,,Site #3 - Lacamas Shores Boat Launch,,,,,,,,,,,,,,,,,,,
2024-12-12,,Site #4 - Round Lake,,,,,,,,,,,,,,,,,,,
2024-12-12,,Site #5 - Fallen Leaf Lake,,,,,,,,,,,,,,,,,,,
2022-10-12,11:30:00,Site #1 - East Boat Launch,20.9,Sunny,SW,0-5,766.6,19.9,7.8,8.4,129,78,,Yes,Yes,No,No,No,,Dolichospermum & Aphanizomenon levels are high but not elevated in trawl. Low numbers of microcystis in trawl sample.,
2024-12-19,11:24:00,Site #2 - Heritage Boat Launch,11.1,Partly Cloudy,S,0-5,757,7.5,7.5,10.3,88.3,44.1,0.03,No,No,No,No,No,No,,
2024-12-19,12:15:00,Site #4 - Round Lake,11.6,Cloudy,S,0-5,768.2,6.6,7.2,6.7,88.5,44.7,0.04,No,No,Yes,No,No,Yes,,
2024-12-19,,Site #5 - Fallen Leaf Lake,,,,,,,,,,,,,,,,,,,
2024-12-21,14:05:00,Site #3 - Lacamas Shores Boat Launch,10,Cloudy,SE,0-5,756.4,7.7,7.8,7.2,20.7,40.4,0.04,No,No,No,No,No,No,,
2022-10-06,12:55:00,Site #1 - East Boat Launch,22.1,Sunny,W,5-10,764.28,22.1,7.96,7.8,115,78,,Yes,Yes,No,No,No,,Elevated Dolichospermum in trawl. High presence of Aphanizomenon & Microcystis along with possible Planktothrix,
2024-12-26,12:07:00,Site #3 - Lacamas Shores Boat Launch,9,Mostly Cloudy,SE,5-10,751.1,8,7.9,8,85.1,42.7,0.04,No,No,No,No,No,No,,
2022-09-15,13:00:00,Site #1 - East Boat Launch,21.4,Sunny,,0-5,763,22.7,8.1,8.6,118,56,,Yes,Yes,Yes,No,No,,Water clear in protocol. No change in density of targets. Trawl - an increase of microcystis.,
2025-01-02,,Site #2 - Heritage Boat Launch,,,,,,,,,,,,,,,,,,,
2025-01-02,,Site #3 - Lacamas Shores Boat Launch,,,,,,,,,,,,,,,,,,,
2025-01-02,16:55:00,Site #4 - Round Lake,5.3,Cloudy,S,0-5,762,6.3,8,7.6,70.2,35.8,0.03,No,No,No,No,No,Yes,Fast current & murky,
2025-01-02,,Site #5 - Fallen Leaf Lake,,,,,,,,,,,,,,,,,,Water into pkg lot.,
2022-09-08,13:00:00,Site #1 - East Boat Launch,22.8,Sunny,SW,5-10,765,23.8,8.1,8.93,114,55,,Yes,Yes,Yes,No,No,,Protocol - no noticeable increase - microcystis now present. Trawl - no real increase in numbers of targets,
2025-01-09,13:05:00,Site #5 - Fallen Leaf Lake,5,Sunny,SE,5-10,768.8,7,8.25,6.9,86.9,,,No,No,Yes,No,No,No,Gusty winds. Trawl had Diatoms & ciliates,
2022-09-01,13:00:00,Site #1 - East Boat Launch,25,Sunny,SW,0-5,761,25.5,7.5,8.11,115,55,,No,Yes,No,No,No,,Water green. Trawl showed small amounts of Aphanizomenon & Microcystis,
2025-01-16,13:07:00,Site #2 - Heritage Boat Launch,2.2,Rain,SE,0-5,765,6.3,7.8,9.8,77.8,38.9,0.03,No,No,No,No,No,No,Secchi 95cm. Trawl had a Woronichinia,
2025-01-16,,Site #3 - Lacamas Shores Boat Launch,,,,,,,,,,,,,,,,,,,
2025-01-16,12:55:00,Site #4 - Round Lake,2.8,Rain,S,0-5,764.2,6.4,7.5,8.8,74.6,36.2,0.03,No,No,No,No,No,No,Swift current. No targets.,
2025-01-16,,Site #5 - Fallen Leaf Lake,,,,,,,,,,,,,,,,,,Cant access testing site.,
2022-08-25,13:30:00,Site #1 - East Boat Launch,28.9,Sunny,W,0-5,761,27.6,7.38,8.23,112,52,,Yes,Yes,No,No,No,,"Aphanizomenom & Dolichospermum found in trawl, not elevated.",
2025-01-23,14:00:00,Site #4 - Round Lake,6.1,Cloudy,W,0-5,775.2,5.8,7.8,9.3,77,39,0.03,No,No,No,No,No,No,Water level still high with strong current,
2025-01-23,12:55:00,Site #5 - Fallen Leaf Lake,4,Cloudy,W,0-5,744.7,5.5,8.1,7.1,87.7,43.9,0.03,No,No,No,No,No,No,Zooplankton noted.,
2025-01-24,11:50:00,Site #3 - Lacamas Shores Boat Launch,6.4,Sunny,W,0-5,771.4,4.9,7.8,10.5,81.5,32,0.03,No,No,Yes,No,No,No,"Secchi 2  Trawl had elevated Plank, Micro & Woroni",
2022-08-17,9:00:00,Site #1 - East Boat Launch,27.7,Sunny,SW,0-5,760.5,25.2,7.97,6.15,111,52,,No,Yes,No,No,No,,Dolichospermum elevated in trawl sample. Some present in protocol sample.,
2025-01-30,10:57:00,Site #3 - Lacamas Shores Boat Launch,3,Cloudy,NE,0-5,761.3,3.7,8.2,9.4,84.2,42.1,0.04,No,No,No,No,No,No,"Water 1 deep, secchi visible. 1 plankto in trawl.",
2025-01-30,,Site #4 - Round Lake,,,,,,,,,,,,,,,,,,,
2025-01-30,13:45:00,Site #5 - Fallen Leaf Lake,4.8,Cloudy,NE,0-5,763.2,4.7,8.3,12.5,90.1,45,0.03,No,No,No,No,No,No,Zooplankton. Water level low,
2025-01-31,11:50:00,Site #2 - Heritage Boat Launch,6.6,Cloudy,E,0-5,763,4.4,7.8,10.5,83.5,41.7,0.02,No,No,No,No,No,No,Secchi 4 meters. Debris in protocol. Level lower.,
2022-08-11,13:00:00,Site #1 - East Boat Launch,26.4,Sunny,SW,0-5,762,25.9,8.34,7.8,108,51,,No,No,No,No,No,,Aphanizomenom & Dolichospermum found in trawl.,
2025-02-06,12:50:00,Site #2 - Heritage Boat Launch,5,Partly Cloudy,SE,0-5,756,7.3,8.04,,87,43.4,0.03,No,No,No,No,No,No,Cap left on DO. Secchi 120cm. c.Diatom in trawl,
2025-02-06,,Site #4 - Round Lake,,,,,,,,,,,,,,,,,,Rain,
2025-02-06,,Site #5 - Fallen Leaf Lake,,,,,,,,,,,,,,,,,,Rain,
2025-02-09,12:41:00,Site #3 - Lacamas Shores Boat Launch,3,Mostly Cloudy,E,0-5,769.2,4.6,7.8,9.1,87,43.5,0.02,No,No,No,No,No,No,"depth at 1.5, & Secchi is visible at bottom. Scum present",
2022-08-04,11:00:00,Site #1 - East Boat Launch,21,Partly Cloudy,W,0-5,763,24.5,8.1,7.07,106,51,,No,No,No,No,No,,Water clear. Dolichospermum identified in trawl.,
2025-02-13,,Site #2 - Heritage Boat Launch,,,,,,,,,,,,,,,,,,Snow,
2025-02-13,,Site #3 - Lacamas Shores Boat Launch,,,,,,,,,,,,,,,,,,Snow,
2025-02-13,,Site #4 - Round Lake,,,,,,,,,,,,,,,,,,Snow,
2025-02-13,,Site #5 - Fallen Leaf Lake,,,,,,,,,,,,,,,,,,Snow,
2022-07-28,13:30:00,Site #1 - East Boat Launch,30,Sunny,No wind,0-5,759,27.9,7.52,4.9,101,48,,No,Yes,No,No,No,,"Water was clear. Dolichospermum in trawl sample, not elevated.",
2026-06-18,12:53:00,Site #5 - Fallen Leaf Lake,29,Partly Cloudy,N,0-5,761.6,23.9,7.13,8.8,80.3,40.2,0.04,No,No,No,No,No,No,other cyano in trawl,
2026-06-25,11:00:00,Site #4 - Round Lake,20.2,Cloudy,S,0-5,755,24.2,7.58,8.8,107.1,53.5,0.07,No,Yes,No,No,No,No,Other cyanos,
2026-07-02,11:10:00,Site #4 - Round Lake,18.9,Partly Cloudy,S,0-5,759,19.9,7.54,7.8,104.9,52.5,0.05,No,Yes,No,No,No,No,Pennate & Cilates,
2026-07-09,11:00:00,Site #4 - Round Lake,21.9,Sunny,S,0-5,760.2,23.2,6.17,6.6,110.5,55,0.05,No,Yes,No,No,No,No,Nothing in trawl,
2026-07-16,11:00:00,Site #4 - Round Lake,19.9,Mostly cloudy,S,0-5,757.9,23.8,6.26,5.6,114.2,57.3,0.06,No,No,No,No,No,No,Ciliates noted,
2026-07-23,11:00:00,Site #4 - Round Lake,16,Cloudy,NW,0-5,759,25.5,6.2,6.7,116,58.5,0.06,No,No,No,No,No,No,"Pennate, Ciliate , other in trawl. Noted Chemical treatment added to lake.",
2026-07-23,12:02:00,Site #5 - Fallen Leaf Lake,22.3,Cloudy,NW,0-5,764.4,25.5,7.39,7.6,83.8,41.9,0.04,Yes,No,No,No,No,No,"Trawl-Aphan,Dolcio,Worch, dinoflg. No scum",
2025-02-20,13:40:00,Site #2 - Heritage Boat Launch,8.3,Cloudy,S,0-5,767,4.8,7.9,11.9,89.6,44.8,,No,No,No,No,No,No,Secchi at  100cm,
2025-02-20,,Site #4 - Round Lake,,,,,,,,,,,,,,,,,,,
2025-02-20,13:00:00,Site #5 - Fallen Leaf Lake,8.2,Cloudy,No wind,0-5,767,5.2,8.9,9.7,89,44.8,,No,No,No,No,No,No,Elevated Zooplankton,
2025-02-22,11:58:00,Site #3 - Lacamas Shores Boat Launch,13,Cloudy,E,10-15,757.5,6.2,7.3,9.2,81.7,41.1,0.04,No,No,No,No,No,No,"1.25 lake depth, Secchi 1.25 to bottom.",
2022-07-21,13:30:00,Site #1 - East Boat Launch,25,Sunny,W,0-5,762,24.5,8.1,7.5,99,48,,No,Yes,No,No,No,,"Elevated Dolichospermum in trawl, none in protocol sample",
2025-02-27,11:56:00,Site #2 - Heritage Boat Launch,11.7,Sunny,N,0-5,763,9.1,7.3,10.1,68.1,34.1,0.02,No,No,No,No,No,No,Secchi 70cm,
2025-02-27,13:11:00,Site #5 - Fallen Leaf Lake,13.3,Sunny,No wind,0-5,761.4,9.5,8.4,7.86,85,42.3,0.03,No,No,No,No,No,No,Trawl had Zooplanktons & other zippies.,
2025-02-28,11:45:00,Site #4 - Round Lake,14.2,Sunny,W,0-5,764,8.4,8.3,10.5,64.8,32.6,0.03,No,No,No,No,No,No,Water level high. Murky,
2022-07-14,14:00:00,Site #1 - East Boat Launch,27.5,Sunny,W,0-5,761,23.4,7.48,8.3,96,45,,No,No,No,No,No,,"No target species, a lot of broken bits. Water clear in appearance.",
2025-03-07,,Site #2 - Heritage Boat Launch,,,,,,,,,,,,,,,,,,,
2025-03-07,,Site #3 - Lacamas Shores Boat Launch,,,,,,,,,,,,,,,,,,,
2025-03-07,,Site #4 - Round Lake,,,,,,,,,,,,,,,,,,,
2025-03-07,12:30:00,Site #5 - Fallen Leaf Lake,16.7,Sunny,W,0-5,762.1,11.3,8.7,11.4,70,42,0.03,No,No,No,No,No,No,Elevated Zooplankton and a mix of other from trawl.,
2025-03-11,12:51:00,Site #3 - Lacamas Shores Boat Launch,7,Cloudy,E,0-5,749.7,8.3,8.1,10.3,79.3,39.6,0.02,No,No,No,No,No,No,1.5 secchi. Disc visible at bottom,
2022-07-08,13:00:00,Site #1 - East Boat Launch,24.8,Sunny,SE,0-5,764,23,7.13,8.3,83,42,,No,Yes,No,No,No,,Water clear. Dolichospermum identified in trawl.,
2025-03-13,10:20:00,Site #2 - Heritage Boat Launch,6.1,Mostly Cloudy,E,0-5,750,8.8,7.6,9.6,79.1,39.5,0.02,No,No,No,No,No,No,Woronichinia in trawl  Secchi 80cm.,
2025-03-13,11:56:00,Site #4 - Round Lake,10.5,Mostly Cloudy,SE,0-5,755.9,8.9,8.3,8.9,78,39,0.03,No,No,No,No,No,No,Water murky,
2022-06-30,13:30:00,Site #1 - East Boat Launch,21.6,Sunny,W,0-5,763,22.2,7.8,7.5,85,41,,No,No,No,No,No,,,
2025-03-20,13:50:00,Site #2 - Heritage Boat Launch,11.7,Mostly Cloudy,W,0-5,758,8.7,7.6,9.8,77.6,38.8,0.03,No,No,No,No,No,No,Secchi 70cm. Saw Centric Diatoms,
2025-03-21,15:22:00,Site #3 - Lacamas Shores Boat Launch,8,Rain,No wind,0-5,755.7,8.7,8.2,14.7,53,27,0.05,No,No,No,No,No,No,Secchi 1ft 8  Disc visible on bottom.,
2025-03-21,,Site #4 - Round Lake,,,,,,,,,,,,,,,,,,,
2025-03-21,12:30:00,Site #5 - Fallen Leaf Lake,7.2,Rain,No wind,0-5,753,8.8,8.45,9.2,,42.9,0.03,No,No,No,No,No,No,Pennate & other Zooplanktons.,
2022-06-23,13:15:00,Site #1 - East Boat Launch,28.4,Sunny,W,5-10,765,20.8,8.4,9.5,80,37,,No,No,No,No,No,,2nd trawl by Terry. No targets,
2025-04-03,13:03:00,Site #2 - Heritage Boat Launch,9.3,Partly Cloudy,NE,0-5,762,11,7.8,10.8,76.7,38.3,0.02,No,No,No,No,No,No,Worichina in trawl. Secchi 90cm,
2025-04-03,13:00:00,Site #5 - Fallen Leaf Lake,4.6,Cloudy,No wind,0-5,761.4,11.9,8.4,8.17,92.5,41.3,0.03,No,No,No,No,No,No,Trawl had several other zooplan.  Lots of garbage.,
2025-04-04,14:00:00,Site #4 - Round Lake,12.2,Partly Cloudy,SW,0-5,770.9,11.7,8.2,11,80.6,40,0.03,No,No,No,No,No,No,Water level down 3,
2025-04-10,11:38:00,Site #2 - Heritage Boat Launch,18.4,Partly Cloudy,SE,0-5,761,11.9,7.7,10,81.2,40.6,0.03,No,No,No,No,No,No,Secchi @ 100cm Centric D. noted,
2025-04-10,12:30:00,Site #5 - Fallen Leaf Lake,16.6,Partly Cloudy,S,0-5,762.3,15.3,8.2,9.1,82.9,41.4,0.04,No,No,No,No,No,No,gusty winds,
2025-04-11,16:54:00,Site #3 - Lacamas Shores Boat Launch,12.1,Partly Cloudy,NW,5-10,762,13.8,8.4,10,81.6,40.8,0.04,No,No,No,No,No,No,"Secch@ 2', hit bottom",
2022-05-26,11:15:00,Site #1 - East Boat Launch,19.3,Mostly Cloudy,SW,0-5,758,18.2,8.9,11.5,50,79,,No,No,No,No,No,,Water murky. Lots of unidentified floaties,
2025-04-17,14:31:00,Site #2 - Heritage Boat Launch,20.5,Partly Cloudy,NW,0-5,760,16.1,9.18,14.6,82.3,41.2,0.04,No,No,No,No,No,No,Centric & Pennate. Secchi 70cm,
2025-04-17,13:00:00,Site #5 - Fallen Leaf Lake,,,,,,,,,,,,,,,,,,Water level too low to test.,
2025-04-18,18:21:00,Site #3 - Lacamas Shores Boat Launch,20,Sunny,No wind,0-5,767.4,15.8,8.5,2.4,81.9,40.9,0.03,No,No,No,No,No,No,"Ciliates noted. Secchi 3', hit bottom. ?? on DO",
2025-04-24,17:30:00,Site #2 - Heritage Boat Launch,24.2,Sunny,SE,0-5,759.8,18.1,8.6,10.3,82.6,41.4,0.04,No,No,No,No,No,No,"Secchi 2 m, could see at bottom. Lots of boats. 1 Centric noted.",
2025-04-24,18:00:00,Site #4 - Round Lake,24,Sunny,SE,0-5,759.8,18,7.8,11.7,85.7,42.4,0.04,No,No,No,No,No,No,Moderate current from Lacamas lk.  Water clear.,
2025-04-24,12:15:00,Site #5 - Fallen Leaf Lake,20,Sunny,NE,0-5,770.6,17.7,7.8,10,86.6,43.2,0.05,No,No,No,No,No,No,Centric D. noted,
2025-04-25,11:18:00,Site #3 - Lacamas Shores Boat Launch,12,Sunny,No wind,0-5,753.6,16.1,8.4,7.7,85.1,42.6,0.04,No,No,No,No,No,No,"Bottom visible at 3'4""",
2022-05-11,13:10:00,Site #1 - East Boat Launch,17.2,Partly Cloudy,SW,0-5,768,14.4,7,,73,36,,No,No,No,No,No,,Water in trawl brownish,
2025-05-01,13:20:00,Site #2 - Heritage Boat Launch,20.5,Sunny,S,0-5,756,16.7,8.1,10.3,90,45,0.04,No,No,No,No,No,No,,
2025-05-01,13:10:00,Site #5 - Fallen Leaf Lake,20,Sunny,NW,0-5,771.9,17.6,8.1,9.9,85,43.2,0.04,No,No,No,No,No,No,"Swimmers took mid lake sample. Temp 21c, microsystis noted.",
2025-05-02,16:00:00,Site #4 - Round Lake,22,Sunny,No wind,0-5,760,19.3,8,9,88,44,,No,No,No,No,No,No,No comments,
2025-05-03,17:04:00,Site #3 - Lacamas Shores Boat Launch,15.6,Mostly Cloudy,NW,5-10,759.7,16.6,8,8.8,91.4,45.7,0.04,No,No,No,No,No,No,"Ciilates noted. Bottom visible at 3'6""",
2022-03-04,13:00:00,Site #1 - East Boat Launch,7.2,Partly Cloudy,W,5-10,759.1,10.4,8.8,7.5,23,42,,No,No,No,No,No,,Breezy.,
2025-05-08,14:15:00,Site #2 - Heritage Boat Launch,20.6,Partly Cloudy,W,0-5,761.2,20.2,8.5,8.6,89.6,46.2,0.05,No,No,No,No,No,No,Fragillaria & microsystis in trawl. Secchi @ 15.6cm,
2025-05-08,13:50:00,Site #5 - Fallen Leaf Lake,20.1,Partly Cloudy,N,0-5,760.2,16.6,8.7,11.4,85.6,45.6,0.04,No,No,No,No,No,No,Water clear. Shallow at site. Ciliates noted.,
2025-05-08,14:30:00,Site #4 - Round Lake,19,Sunny,NW,0-5,763.8,19.1,7.11,10.5,92,38,0.05,No,No,No,No,No,No,Lots of people playing in the water,
2022-02-17,10:30:00,Site #1 - East Boat Launch,12.1,Cloudy,SE,0-5,774,5.2,9.7,9.6,5.8,30,,No,No,No,No,No,,No target species located in protocol sample.,
2025-05-15,13:30:00,Site #2 - Heritage Boat Launch,13.9,Mostly Cloudy,N,0-5,762,17,8.56,9.3,95.2,47.7,0.04,No,No,No,No,No,No,"Pennate noted. Secchi 170cm. Trawl had Aster, Rotifer, Worch & Dolicho",
2025-05-15,13:47:00,Site #5 - Fallen Leaf Lake,14.4,Cloudy,NW,0-5,772.4,17.5,7.9,9,86.5,43.2,0.04,No,No,Yes,No,No,No,"Level high. Trawl had centric, Dino, Penne",
2025-05-17,13:20:00,Site #4 - Round Lake,14,Mostly Cloudy,No wind,0-5,756.2,17.3,6.51,10.6,93.5,46.8,0.05,No,No,No,No,No,No,Water level high,
2022-02-10,10:30:00,Site #1 - East Boat Launch,10.6,Mostly Cloudy,W,0-5,773.9,4.2,9.7,8.3,5.4,27,,No,No,No,No,No,,No target species identified in protocol sample.,
2025-05-22,14:00:00,Site #2 - Heritage Boat Launch,16.1,Partly Cloudy,S,0-5,761,17.4,8,8.9,99.1,49.6,0.04,No,No,No,No,No,Yes,Centri & Penne.  Secchi 170 cm,
2025-05-22,12:20:00,Site #5 - Fallen Leaf Lake,9.4,Mostly Cloudy,NW,0-5,762.4,18.3,7.8,8.7,85.9,43,0.03,No,No,No,No,No,No,Trawl had Worichina,
2025-07-10,15:45:00,Site #4 - Round Lake,24,Partly Cloudy,NW,0-5,762.8,25.2,6,7,110.9,55.2,0.06,No,No,No,No,No,No,Water level high.,
2025-05-23,4:49:00,Site #3 - Lacamas Shores Boat Launch,23,Sunny,No wind,0-5,755,18.8,7.69,9.1,98.1,48.9,0.05,No,No,No,No,No,No,"Depth @ 4', secchi barely visible @ bottom",
2025-05-28,13:35:00,Site #4 - Round Lake,16.1,Mostly Cloudy,No wind,0-5,768,20.4,8.4,8.6,98.9,48.9,0.04,No,No,No,No,No,No,No targets. Recent rain increased water level.,
2025-05-28,12:20:00,Site #5 - Fallen Leaf Lake,16.7,Cloudy,NW,0-5,772,18.3,7.8,8.7,85.9,43,0.03,No,No,No,No,No,No,Other cyano in protocol. Trawl had Worichinia & microcystis.,
2022-02-03,10:30:00,Site #1 - East Boat Launch,10,Rain,SE,0-5,773,3,9.9,6.6,46,23,,No,No,No,No,No,,No target species identified in protocol sample.,
2025-05-29,14:10:00,Site #2 - Heritage Boat Launch,17.2,Mostly Cloudy,NW,0-5,763,20.2,8.2,9.3,101.2,50.6,0.04,No,No,No,No,No,No,"Secchi 145 cm. Centri & Pennate Diatoms, Eudorina& Rotifer.",
2025-05-29,14:04:00,Site #3 - Lacamas Shores Boat Launch,16.2,Mostly Cloudy,No wind,0-5,768,19.2,8.2,8.4,99.6,49.8,0.04,No,No,No,No,No,No,No targets. Depth at 4' & Secchi 4' hit bottom.,
2022-01-27,12:30:00,Site #1 - East Boat Launch,10.4,Sunny,E,0-5,771,2,9.6,9.2,46,24,,No,No,No,No,No,,No target species found in protocol sample.,
2025-06-05,11:53:00,Site #2 - Heritage Boat Launch,17.7,Mostly Cloudy,N,0-5,760,19.8,8.61,10.2,103.1,51.7,0.04,No,No,No,No,No,No,"Centric, Dinoflg, & Flagaril Secchi 130cm",
2025-06-05,10:00:00,Site #4 - Round Lake,15,Partly Cloudy,No wind,0-5,759.5,20.2,6.62,13.4,101.3,50.6,,No,No,No,No,No,Yes,Water Level still high,
2025-06-05,12:35:00,Site #5 - Fallen Leaf Lake,18.3,Mostly Cloudy,NW,0-5,772,21.7,7.9,8.5,85.6,43.3,0.04,No,No,No,No,No,No,"Trawl has elevated, Fraga, Astro, & 1 Woronichinia",
2025-06-06,11:30:00,Site #3 - Lacamas Shores Boat Launch,24.4,Sunny,W,5-10,762.7,21.7,7.5,10.3,103.5,57.8,0.05,Yes,No,No,No,No,No,Pennate & Flagilaria Secchi 1.2 meter,
2022-01-20,14:10:00,Site #1 - East Boat Launch,15,Partly Cloudy,W,0-5,769,7,9.3,11.4,48,24,,No,No,No,No,No,,No target species found in protocol sample.,
2025-06-12,12:05:00,Site #2 - Heritage Boat Launch,17,Partly Cloudy,NE,5-10,760,22.9,9.2,10.3,106.3,53.1,0.05,No,Yes,No,No,No,No,"Secchi 150cm.  Centric, Pennate, Dinoflag, RotiferFrag, Volv in trawl",
2025-06-12,11:45:00,Site #4 - Round Lake,8.3,Cloudy,No wind,0-5,758.9,22,6.1,7.8,102.4,51.2,0.05,No,No,No,No,No,Yes,Water appears clear. No scum,
2025-06-12,13:10:00,Site #5 - Fallen Leaf Lake,17.8,Cloudy,No wind,0-5,790,23.9,,9.9,86.7,43.3,0.04,No,No,No,No,No,No,Trawl is full. Fragilia elevated.,
2025-06-19,11:25:00,Site #2 - Heritage Boat Launch,17.2,Partly Cloudy,NE,5-10,756.4,21.4,7.8,8.7,105.6,52.8,0.05,No,Yes,Yes,No,No,No,"Secchi 2.25m, Dinofl& Pennate noted. Trawl had Woron, Dolicio,Plankto, flagiliaria",
2025-06-19,15:10:00,Site #3 - Lacamas Shores Boat Launch,21,Partly Cloudy,NW,10-15,754.8,21.4,8.52,7.9,106.9,53.4,0.05,No,Yes,Yes,No,No,No,Depth 4' & Secchi same. Ciliates noted.  Trawl had elevated toxins,
2025-06-19,5:00:00,Site #4 - Round Lake,22.6,Mostly Cloudy,E,0-5,756.1,22.5,7.8,8.3,101.5,54.2,0.05,No,No,No,No,No,No,Water still high & clear. No scum,
2025-06-19,13:30:00,Site #5 - Fallen Leaf Lake,23,Partly Cloudy,No wind,0-5,761,22.6,,9.7,86.7,43.4,0.05,No,No,No,No,No,Yes,"Trawl had elevated woro, micro & other cyano",
2022-01-13,12:40:00,Site #1 - East Boat Launch,11,Rain,S,0-5,767,5,9.7,10.1,40,20,,No,No,No,No,No,,No target species identified in protocol sample.,
2025-06-27,11:40:00,Site #2 - Heritage Boat Launch,17.9,Mostly Cloudy,NW,0-5,760,20.7,6.5,9.4,108.5,54.3,0.05,No,No,No,No,No,Yes,"Depth at dock 5 meters, Secchi @ 3.5 meters",
2025-06-27,11:15:00,Site #3 - Lacamas Shores Boat Launch,12,Mostly Cloudy,NW,0-5,759.4,19.8,8.4,6.9,108.8,54.4,0.05,No,Yes,Yes,No,No,No,Depth at dock 4'.  Secchi visible at bottom.,
2025-06-27,13:45:00,Site #4 - Round Lake,20,Mostly Cloudy,NW,0-5,758.4,21.8,5.84,6.8,108.7,51.2,0.05,No,No,Yes,No,No,Yes,Water level high.,
2025-06-26,13:10:00,Site #5 - Fallen Leaf Lake,23,Mostly Cloudy,NW,0-5,764.5,20.9,,8.9,86.6,42.9,0.04,No,Yes,Yes,No,No,No,Scum present,
2022-01-06,9:40:00,Site #1 - East Boat Launch,11.4,Rain,SW,0-5,757,5,9.9,8.9,40,20,,No,No,No,No,No,,No target species found in protocol sample.,
2025-07-03,11:25:00,Site #2 - Heritage Boat Launch,18.9,Sunny,N,0-5,758.9,23.1,8.4,8.9,112.2,56.2,0.05,No,Yes,No,No,No,Yes,"Diatoms noted. Secchi 170cm Fragilaira in trawl with Micro, Dolicho & Woronich",
2025-07-03,11:30:00,Site #3 - Lacamas Shores Boat Launch,18,Sunny,NW,5-10,757.2,22.2,8.5,9.5,109.9,54.9,0.05,No,Yes,Yes,No,No,No,"Diatoms, Dinoflag, other, ciliates noted. Secchi 4 ftm disk on bottom and visible.",
2025-07-03,12:03:00,Site #5 - Fallen Leaf Lake,21.4,Sunny,N,0-5,763.7,23.9,8.1,9.3,86.3,42.7,0.04,No,No,No,No,No,No,"Diatoms noted. Trawl - microcy, dinflag, Dolchio, Fragi,etc",
2021-12-30,11:20:00,Site #1 - East Boat Launch,8.2,Rain,S,0-5,753,1.2,9.7,9,44,22,,No,No,No,No,No,,No target species found in protocol sampl.,
2025-07-10,11:50:00,Site #2 - Heritage Boat Launch,18.9,Partly Cloudy,N,0-5,764,24.2,8.2,7.6,115.5,57.7,0.05,No,Yes,No,No,No,No,"Secchi 160cm, Trawl: Woronich, Dolicho, Aphaniz & Microcystis",
2025-07-10,13:00:00,Site #5 - Fallen Leaf Lake,25.6,Sunny,N,0-5,756.2,26.3,8.9,6.9,87.7,43.9,0.05,No,No,No,No,No,No,"Trawl:  Dolico, Micro & Woronich",
2021-12-23,10:45:00,Site #1 - East Boat Launch,9.7,Partly Cloudy,SW,0-5,751,4.2,9,9.2,50,48,,No,No,No,No,No,,No target species found in protocol sample.,
2025-07-17,14:40:00,Site #2 - Heritage Boat Launch,27.8,Sunny,N,5-10,755,25.3,7.8,9,119.4,59.7,0.05,No,Yes,No,No,No,N,"Secchi 150cm, Dolcio elevated, Trawl: Aphan U Micro",
2025-07-17,10:17:00,Site #3 - Lacamas Shores Boat Launch,21,Sunny,W,0-5,755.2,24.7,7.6,6.4,117.8,58.9,0.06,No,Yes,Yes,No,No,N,"Water depth from dock 4.5', secchi visible at bottom. Other cyanos noted",
2025-07-17,15:20:00,Site #4 - Round Lake,28,Sunny,SE,0-5,758,26.6,6.2,6,96.5,48.3,0.04,No,Yes,No,Yes,No,Yes,Water Level high.,
2025-07-17,13:15:00,Site #5 - Fallen Leaf Lake,26.7,Sunny,NW,0-5,733.2,27.8,8.7,6.6,88.6,44.6,0.04,No,No,No,No,No,No,"Trawl: Dolico, Microc, Flagil, dinofl",
2021-12-16,10:10:00,Site #1 - East Boat Launch,9.5,Cloudy,S,0-5,762,4,9.3,8.7,50,,,No,No,No,No,No,,No target species located in protocol sample.,
2025-07-24,5:55:00,Site #2 - Heritage Boat Launch,27.7,Sunny,W,0-5,766.8,26.4,6.8,10.2,120.5,60.4,0.06,No,Yes,No,No,No,Yes,Secchi 160cm. Dolico & Worich in trawl,
2025-07-24,11:15:00,Site #3 - Lacamas Shores Boat Launch,22,Sunny,W,0-5,759.1,24.3,8.3,6.8,119.7,59.8,0.05,No,No,No,No,No,Yes,Secchi 3.6',
2025-07-24,11:30:00,Site #4 - Round Lake,24,Sunny,No wind,0-5,763,24.9,7.63,6.4,119.3,59,0.06,No,Yes,No,Yes,No,Yes,Notable increase in pH this week.,
2025-07-24,12:15:00,Site #5 - Fallen Leaf Lake,23.3,Sunny,W,0-5,764.2,25.2,8.54,5.8,89.4,44.5,0.04,No,No,No,No,No,No,"Trawl: Dolic, plankto, Penne, Dino, Cilates, other",
2021-12-09,9:54:00,Site #1 - East Boat Launch,8.4,Mostly Cloudy,SW,0-5,761,5,8.9,5.6,60,30,,No,No,No,No,No,,No target species found in protocol sample.,
2025-07-31,14:40:00,Site #2 - Heritage Boat Launch,22.2,Partly Cloudy,E,0-5,760,24.9,8.7,9.2,123.5,61.8,0.05,Yes,Yes,No,No,No,Yes,"Secchi 110cm, Elevated levels of targets in Protocol & trawl",
2025-07-31,11:20:00,Site #3 - Lacamas Shores Boat Launch,21,Mostly Cloudy,W,0-5,758.5,23.6,8.6,6.2,120.8,60.4,0.04,No,No,Yes,No,No,No,Secchi 4' & hit bottom.  Trawl had all targets.,
2025-07-31,11:06:00,Site #5 - Fallen Leaf Lake,24.6,Mostly Cloudy,W,0-5,769.7,23.2,6.7,14.6,88.9,44.2,0.04,No,No,No,No,No,Yes,Very small Wori. No trawl sample,
2021-12-02,12:00:00,Site #1 - East Boat Launch,12.2,Cloudy,W,0-5,769.7,9,9.3,6.4,68,33,,No,No,No,No,No,,No target species located. Lake is full.,
2025-08-07,14:45:00,Site #2 - Heritage Boat Launch,21.1,Partly Cloudy,SW,0-5,764,22.4,8.4,9.1,124.6,62.3,0.05,No,Yes,No,No,No,No,Secchi 110 cm Pennate Diatoms noted,
2025-08-07,11:30:00,Site #3 - Lacamas Shores Boat Launch,18,Partly Cloudy,W,0-5,762.1,22.1,8.6,6.9,122.7,61.4,0.06,Yes,Yes,Yes,Yes,No,No,"Secchi 4', barely visible. Ciliates noted.",
2025-08-08,14:43:00,Site #4 - Round Lake,23.9,Sunny,SW,0-5,771.6,23.8,8.3,14.4,117.2,58.6,0.06,Yes,Yes,Yes,No,No,No,Level high and murky. Targets beginning to elevate. Trawl was elevated.,
2025-08-07,12:40:00,Site #5 - Fallen Leaf Lake,24.1,Partly Cloudy,S,0-5,765.2,23.1,8.6,7.2,89.4,44.7,0.05,No,Yes,No,No,No,No,"Trawl elevated Aphanan, Dolico & microsystis",
2021-11-24,10:15:00,Site #1 - East Boat Launch,10.8,Partly Cloudy,W,0-5,773,6,9.2,7.1,64,32,,No,No,No,No,No,,No target species identified in protocol sample,
2025-08-14,11:16:00,Site #2 - Heritage Boat Launch,20,Mostly Cloudy,N,0-5,760,24.6,8.4,7.9,127.7,63.9,0.05,No,Yes,No,No,No,No,"Dolcio 11/64.Secchi 100 cm Centric, Pennate & dinoflag in Protocol",
2025-08-16,16:25:00,Site #3 - Lacamas Shores Boat Launch,24,Mostly Cloudy,NW,5-10,757.5,24.1,8.2,6.6,123.8,61.8,0.06,Yes,Elevated,Yes,Yes,No,No,Water Depth 4'.  Secchi 1'  Ciliates noted,
2025-08-14,12:44:00,Site #5 - Fallen Leaf Lake,24.9,Cloudy,NW,0-5,763.9,25.2,8.2,6.1,90.5,45.3,0.04,No,Yes,No,No,No,No,Other targets in trawl,
2025-08-15,4:54:00,Site #4 - Round Lake,24,Cloudy,W,0-5,761.2,24.3,8.2,6.4,126.7,62.7,0.06,Yes,Yes,No,Yes,No,No,Water level still high.  No other cyanos,
2021-11-18,14:50:00,Site #1 - East Boat Launch,10.9,Rain,S,5-10,757,6.2,9.1,6.6,68,33,,No,No,No,No,No,,Lake is filling up. No target species found in protocol sample.,
2025-08-21,12:16:00,Site #2 - Heritage Boat Launch,22.8,Sunny,NW,0-5,761,23.4,8,7.7,129.2,64.6,0.06,No,Yes,No,No,No,No,"Secchi 170cm Dolico 6/64. Trawl had Aphaniz, dolico, Microc, Woron",
2021-05-06,9:57:00,Site #2 - Heritage Boat Launch,17,Mostly Cloudy,,0-5,,16.3,9.01,7.5,,48,,No,No,No,No,No,,,
2021-11-11,11:15:00,Site #1 - East Boat Launch,14.5,Rain,S,0-5,767,9.2,9.5,5.4,90,44,,No,No,No,No,No,,Heavy rain. No target species identified in protocol sample.,
2021-05-14,14:30:00,Site #3 - Lacamas Shores Boat Launch,25,Sunny,NE,0-5,756.6,20.5,8.8,10,104,52,,No,No,No,No,No,,,
2021-05-20,13:00:00,Site #3 - Lacamas Shores Boat Launch,16,Cloudy,S,0-5,1020,16.6,9.2,8,8,53,,No,No,Yes,No,No,,I had 4 pix of Microcystis but program would only allow one pix to be uploaded,
2021-05-21,13:20:00,Site #2 - Heritage Boat Launch,12.2,Mostly Cloudy,,0-5,,16.3,8.78,5.9,,52,,No,No,No,No,No,,,
2021-05-21,9:30:00,Site #3 - Lacamas Shores Boat Launch,8,Cloudy,N,0-5,762.2,14,8.7,8,102,52,,No,Yes,No,No,No,,,
2021-11-04,10:35:00,Site #1 - East Boat Launch,15.6,Rain,NW,5-10,754,9.8,8.9,6.8,98,49,,No,Yes,No,No,No,,Lake is filling back up. Dolichospermum noted in protocol sample in very small amounts. Abundance slide showed 1 cell out of 64. Not elevated at this time.,
2021-05-27,13:50:00,Site #2 - Heritage Boat Launch,16,Sunny,,0-5,,17.4,8.7,6,,54,,No,No,No,No,No,,I think I forgot to submit this last week.,
2021-05-27,17:00:00,Site #3 - Lacamas Shores Boat Launch,14,Partly Cloudy,N,0-5,759.5,16,8.8,10,116,57,,No,No,No,No,No,,,
2021-10-28,11:00:00,Site #1 - East Boat Launch,15.8,Rain,SE,0-5,765,12.8,8.4,5.8,114,57,,No,Yes,No,No,No,,Dolichespurmum noted in protocol sample. 5 cells out of 64 on abundance slide. Not elevated at this time.,
2021-06-03,14:45:00,Site #2 - Heritage Boat Launch,26,Sunny,,0-5,,23.7,9.4,6.7,,65,,No,No,No,No,No,,Found a lot of really cool things in the concentrated sample with the next.,
2021-06-03,15:05:00,Site #3 - Lacamas Shores Boat Launch,28.9,Sunny,,0-5,,24,9.7,8.8,,66,,No,No,No,No,No,,Found a lot of cool things in the concentrated sample.,
2025-08-21,11:15:00,Site #3 - Lacamas Shores Boat Launch,22,Sunny,NW,0-5,760.9,22.9,8.1,6.1,125.7,62.9,0.06,No,Yes,Yes,No,No,No,Water depth 3.75'. Secchi visible on bottom,
2025-08-21,16:00:00,Site #4 - Round Lake,31.7,Sunny,W,0-5,757.3,24.4,7.8,5.9,127.6,63.7,0.06,Yes,Yes,No,Yes,No,Yes,Water level still high.  No other cyanos,
2025-08-21,12:30:00,Site #5 - Fallen Leaf Lake,26.1,Sunny,N,0-5,765.5,25.5,8.3,6.8,91.4,45.7,0.04,No,No,No,No,No,No,"Water clear, still high.",
2021-10-21,9:50:00,Site #1 - East Boat Launch,16.6,Mostly Cloudy,SE,5-10,757,11.6,8.9,4.8,120,60,,No,Yes,No,No,No,,Dolichospermum noted in protocol sample. Abundance slide showed 7 out of 64 cells with Dolichospermum. Not elevated at this time.,
2025-08-28,11:25:00,Site #2 - Heritage Boat Launch,25.5,Partly Cloudy,W,0-5,758,25.1,8,7.5,131.1,65.6,0.06,No,Yes,No,No,No,No,"Secchi 210 cm. Coelastru, Eudorina & Pediastrum noted",
2025-08-28,11:45:00,Site #3 - Lacamas Shores Boat Launch,24,Partly Cloudy,NW,0-5,756.5,26.1,8,6.2,127.5,63.8,0.06,Yes,Yes,Yes,No,No,No,Secchi 3.75'. Lake bottome @ 4.25',
2025-08-28,13:40:00,Site #4 - Round Lake,30,Partly Cloudy,W,0-5,767.3,25.9,6.9,12,126.6,63.3,0.07,No,No,Yes,No,No,No,2 Small Dolico noted. Microplastic noted,
2025-08-28,12:15:00,Site #5 - Fallen Leaf Lake,29.1,Partly Cloudy,No wind,0-5,762.2,27,9.1,7.2,93.1,46.5,0.04,No,No,Yes,No,No,No,Cilates & Other zooplanktons.,
2021-10-14,10:15:00,Site #1 - East Boat Launch,16.1,Rain,W,0-5,768,12.6,8.6,5.4,124,62,,No,Yes,No,No,No,,Dolichospermum found in protocol sample. 9 cells out of 64 on abundance slide. Not elevated at this time.,
2025-09-03,11:30:00,Site #3 - Lacamas Shores Boat Launch,23,Partly Cloudy,E,0-5,756.8,24.6,7.7,6.5,127.9,64,0.06,Yes,Yes,Yes,No,No,Yes,secchi visible at bottom @ 4',
2025-09-04,12:43:00,Site #4 - Round Lake,26.1,Mostly Cloudy,None,0-5,753.6,24.4,7.9,6.8,128.3,64,0.06,No,Yes,No,No,No,No,High water. No commens.,
2025-09-03,12:44:00,Site #5 - Fallen Leaf Lake,24.3,Mostly Cloudy,SW,0-5,754,22.3,7.6,6.8,129.6,66.3,0.04,No,Yes,No,Yes,No,No,"Water clear, Trawl had elevated Dolico",
2021-10-07,12:00:00,Site #1 - East Boat Launch,14.7,Mostly Cloudy,W,0-5,765,14.7,9.1,5.4,128,64,,No,Yes,No,No,No,,Dolichospermum noted in test sample. Abundance slide showed negative at this time. (5 cells out of 64).,
2025-09-11,11:10:00,Site #3 - Lacamas Shores Boat Launch,17,Cloudy,W,0-5,757.1,22.1,7.8,6,129.2,64.7,0.06,Yes,Yes,Yes,Yes,Yes,No,Secchi visible at bottom at 4.3'. Vovox noted.,
2025-09-11,16:30:00,Site #4 - Round Lake,20,Mostly Cloudy,None,0-5,758.2,21.6,7.7,5.4,133,66.5,0.06,No,Yes,No,Yes,No,Yes,No Ciliates. No comments,
2025-09-11,12:30:00,Site #5 - Fallen Leaf Lake,10.9,Cloudy,NW,0-5,764,22.2,8.2,5,94,47,0.04,No,Yes,No,Yes,No,No,No scum. Small ripples.,
2021-09-30,14:55:00,Site #1 - East Boat Launch,17.5,Rain,NW,0-5,767,16.8,8.5,4.6,134,67,,No,Yes,No,No,No,,Low water level. Dolichospermum noted in protocol sample. Not elevated at this time. 12 cells out of 64 on abundance slide.,
2025-09-18,14:20:00,Site #2 - Heritage Boat Launch,22.2,Sunny,NE,0-5,757,20.9,7.8,7.4,136.7,68.3,0.06,Yes,Yes,No,No,No,No,Secchi 110cm. Other cyanos noted,
2025-09-18,12:20:00,Site #3 - Lacamas Shores Boat Launch,18,Partly Cloudy,NE,0-5,757.1,22.3,7.9,7.1,133.1,66.5,0.06,Yes,Yes,No,Yes,No,Yes,Water level dropped =dam is open. No secchi. No trawl,
2025-09-18,13:40:00,Site #5 - Fallen Leaf Lake,27,Sunny,N,0-5,765,28.7,8.2,7.5,92.5,46.4,0.04,No,Yes,,No,No,No,Ciliates. No trawl,
2021-09-23,15:05:00,Site #1 - East Boat Launch,21.8,Sunny,W,5-10,766.8,22,8.7,4.4,148,74,,No,Yes,No,No,No,,"Dolichospermum noted in small numbers. Not elevated at this time, located in 9 out of 64 cells on abundance slide. Lake water low due to seasonal draining.",
2025-09-25,13:30:00,Site #2 - Heritage Boat Launch,21.1,Sunny,N,0-5,762,20.4,7.6,7.4,136.1,68.8,0.06,Yes,Yes,No,No,No,No,"Secchi 140cm, Level down from dam repair, diatoms, Dinoflag, other cyanos",
2025-09-25,16:20:00,Site #3 - Lacamas Shores Boat Launch,22,Partly Cloudy,NW,5-10,759,21.6,8.3,7.1,130.2,66.7,0.07,No,Yes,No,Yes,No,No,Water low. No secchi. No trawl.,
2025-09-26,12:15:00,Site #5 - Fallen Leaf Lake,24.2,Sunny,NW,0-5,760.2,24.2,7.7,7.5,93.2,46.6,0.05,No,Yes,No,No,Yes,Yes,"Trawl-Dolico, Aph, Flag, Wor, Ciliates, Micro,",
2025-10-02,12:00:00,Site #2 - Heritage Boat Launch,16.1,Mostly Cloudy,W,0-5,759,18.1,7.3,5.4,139,69.7,0.06,No,Yes,No,No,No,Yes,Secchi 120cm. Level down by 3meters.Diatoms in protocol.,
2026-03-26,12:00:00,Site #6 - Vancouver Lake Rowing Club,14.7,Sunny,S,0-5,775,10.9,8.71,11.5,142.6,70.6,0.07,No,No,No,No,No,No,A few centric diatoms and chain diatoms,67
2026-03-26,13:05:00,Site #2 - Heritage Boat Launch,12.2,Sunny,N,0-5,772,11.4,7.69,10.5,34.4,68.6,0.02,No,No,No,No,No,No,,75
2026-03-27,18:30:00,Site #3 - Lacamas Shores Boat Launch,16,Partly Cloudy,NW,0-5,757.5,11.8,7.42,9.7,70.5,35.2,0.03,No,No,No,No,No,No,"Asterallia present in surface sample

Secchi disk visible at bottom of lake",60.96
2026-04-02,11:30:00,Site #6 - Vancouver Lake Rowing Club,9,Cloudy,S,0-5,764.5,10.9,8.91,11.3,150,74.5,0.07,No,No,No,No,No,No,,70
2026-04-09,11:00:00,Site #6 - Vancouver Lake Rowing Club,16.1,Sunny,W,0-5,76.2,-16.4,8.29,9.2,161.2,8.6,,No,No,No,No,No,No,,
2026-04-09,11:16:00,Site #6 - Vancouver Lake Rowing Club,15,Sunny,N,0-5,761.6,15,8.22,8.9,169.7,84.9,0.08,No,No,No,No,No,No,,150
2026-04-09,13:00:00,Site #8 - Vancouver Lake Felida Moorage,19.4,Sunny,W,0-5,758.2,14.8,8.16,8.8,164.1,82.1,0.08,No,No,No,No,No,No,"centric, pennate diatoms present
other zooplankton present",80
2026-04-09,11:25:00,Site #2 - Heritage Boat Launch,15,Sunny,N,0-5,758,14.9,9.16,13.3,80.2,40.2,0.03,No,No,No,No,No,No,,140
2026-04-09,17:00:00,Site #3 - Lacamas Shores Boat Launch,22,Sunny,NE,0-5,752.4,18.9,8.89,9.6,83.8,41.6,0.04,No,Yes,No,No,No,No,,30.48
2026-04-15,10:00:00,Site #6 - Vancouver Lake Rowing Club,8,Mostly Cloudy,SE,5-10,759.5,13.2,8.32,9.1,159.4,79.7,0.08,No,No,No,No,No,No,,130
2026-04-16,11:00:00,Site #7 - Vancouver Lake Sailing Club,7,Partly Cloudy,SW,0-5,769,13.5,8.62,9.3,154.9,77.5,0.07,No,No,No,No,No,No,Diatoms ,50
2026-04-16,12:45:00,Site #3 - Lacamas Shores Boat Launch,8,Partly Cloudy,NE,0-5,764.3,13.8,8.34,8.6,84.3,42.4,0.04,No,No,No,No,No,No,,60.96
2026-04-16,11:40:00,Site #8 - Vancouver Lake Felida Moorage,9,Sunny,S,0-5,765,11.7,7.75,9.9,146.6,73.3,0.06,No,No,No,No,No,No,,59.99
2026-04-22,10:15:00,Site #6 - Vancouver Lake Rowing Club,11,Rain,N,0-5,762.5,14.3,8.25,9.1,159.9,80,0.08,No,No,No,No,No,No,"lots and lots of diatoms, green algae, and fun critters",190
2026-04-23,11:00:00,Site #7 - Vancouver Lake Sailing Club,11.6,Partly Cloudy,SW,0-5,762,11.4,8.44,8.9,157.2,78.4,0.07,No,No,No,No,No,No,,100
2026-04-23,11:00:00,Site #8 - Vancouver Lake Felida Moorage,11.1,Cloudy,S,0-5,764,13.3,7.71,9.9,145.2,72.6,0.07,No,No,No,No,No,No,,78
2026-04-23,17:40:00,Site #3 - Lacamas Shores Boat Launch,14,Cloudy,SW,0-5,759.8,14.4,8.25,9.7,82.6,41.4,0.03,No,No,No,No,No,No,,76.2
2026-04-29,10:15:00,Site #6 - Vancouver Lake Rowing Club,12,Sunny,N,0-5,768,15.4,8.95,9.3,160,80,0.08,No,No,No,No,No,No,,90
2026-04-30,23:54:00,Site #8 - Vancouver Lake Felida Moorage,21,Partly Cloudy,No Wind,0-5,760,15.6,8.31,110,166.5,83.3,0.08,No,No,No,No,No,No,Diatoms present,75
2026-05-01,15:45:00,Site #3 - Lacamas Shores Boat Launch,20,Partly Cloudy,NW,0-5,755.1,19.2,8.77,10.5,83.8,42,0.04,No,No,No,No,No,No,Asterallia present in both surface and trawl samples (elevated in trawl sample).,91.44
2021-09-16,13:18:00,Site #1 - East Boat Launch,20.9,Sunny,S,0-5,762,21.2,8.8,3.6,148,75,,Yes,Yes,No,No,No,,Lake is being drained. Approx 3-4 ft lower. Dolichospermum and Aphanizomenon noted. Abundance slide showed negative.,
2021-09-09,14:05:00,Site #1 - East Boat Launch,26.6,Mostly Cloudy,W,0-5,760,26.2,8.8,5.1,156,79,,No,Yes,No,No,No,,Dolichospermum identified in Protocol sample. Abundance slide not warranted.,
2026-05-07,11:15:00,Site #6 - Vancouver Lake Rowing Club,14.4,Partly Cloudy,SE,0-5,30.1,18.8,7.9,7.9,166.6,83.3,,No,No,No,No,No,No,,
2026-05-07,11:30:00,Site #8 - Vancouver Lake Felida Moorage,13,Sunny,N,0-5,764.2,18.4,7.69,81,1745,87.5,0.08,No,No,No,No,No,No,,65
2026-05-08,13:50:00,Site #3 - Lacamas Shores Boat Launch,16,Partly Cloudy,N,0-5,760.8,18.6,8.45,10,90.6,45.2,0.04,No,No,No,No,No,No,Asterallia and Fragillaria present in surface and trawl samples. One instance of Microcystis in the trawl sample.,76.2
2021-09-02,14:41:00,Site #1 - East Boat Launch,28.9,Sunny,W,5-10,761,24.8,8.7,5.4,150,75,,No,Yes,No,No,No,,Dolichospermum identified in protocol sample. Abundance slide showed negative for elevated.,
2026-05-13,23:30:00,Site #8 - Vancouver Lake Felida Moorage,54,Cloudy,SW,10-15,763.5,19.2,8.1,9.2,76.5,88.2,0.08,No,No,No,No,No,No,,50
2026-05-14,11:15:00,Site #6 - Vancouver Lake Rowing Club,15.5,Partly Cloudy,NE,0-5,762.7,18.8,8.43,8.7,167.7,84,0.08,No,No,Yes,No,No,No,"In our Protocol sample, we found Centric Diatoms and Pannate Diatoms. In the trolling sample, we also found green algae Microcytus and Dochliospirillum.


",
2021-08-26,13:55:00,Site #1 - East Boat Launch,23.1,Partly Cloudy,SE,0-5,760,22.8,8.63,7.3,148,74,,No,Yes,Yes,No,No,,Dolichospermum and Microcystis identified in protocol sample. Abundance slide showed negative.,
2026-05-15,17:15:00,Site #3 - Lacamas Shores Boat Launch,12,Cloudy,W,0-5,760.3,17.6,9.1,10.5,93.6,46.8,0.04,No,No,No,No,No,No,Two instances of Dolichospermum in the trawl sample,76.2
2026-05-14,11:30:00,Site #7 - Vancouver Lake Sailing Club,15,Mostly Cloudy,NE,5-10,766.5,19.8,8.25,7.3,167.9,84,0.07,No,No,No,No,No,No,,40
2026-05-21,10:45:00,Site #8 - Vancouver Lake Felida Moorage,19,Sunny,N,5-10,764.6,17.9,8.29,84.2,170,85,0.08,No,No,No,No,No,No,,50
2021-08-19,14:00:00,Site #1 - East Boat Launch,24,Partly Cloudy,N,0-5,763,25.8,9.1,7.7,154,77,,No,Yes,No,No,No,,Sample showed Dolichospermum in low numbers. No abundance slide necessary.,
2026-05-21,18:00:00,Site #3 - Lacamas Shores Boat Launch,24,Sunny,W,5-10,755,20.6,8.97,10.1,95.3,47.6,0.04,No,Yes,No,No,No,No,,45.72
2026-05-21,11:10:00,Site #7 - Vancouver Lake Sailing Club,20,Sunny,W,5-10,763.3,19.6,7.74,7.8,164,83.6,0.08,No,No,No,No,No,No,DOLCHIO IN TRWL SAMPLE,43
2026-05-20,11:30:00,Site #8 - Vancouver Lake Felida Moorage,13.8,Cloudy,NW,0-5,764.2,16.3,7.93,9.1,1.2,6.4,0.08,No,No,No,No,No,No,,25
2026-05-27,11:10:00,Site #8 - Vancouver Lake Felida Moorage,15.5,Sunny,W,5-10,757.8,18.6,8.1,9.2,178.1,89,0.08,No,No,No,No,No,No,,35
2026-05-28,11:10:00,Site #7 - Vancouver Lake Sailing Club,20,Sunny,W,0-5,756.4,21.6,7.53,7.5,,,0.08,No,Yes,Yes,No,No,No,SIGNS OF THE GREEN STREAKS ON THE SURFACE,38
2026-05-28,13:56:00,Site #2 - Heritage Boat Launch,25.6,Partly Cloudy,N,0-5,752,22.7,8.85,10.3,96.4,48.5,0.04,No,No,No,No,No,No,,160
2021-08-12,13:11:00,Site #1 - East Boat Launch,32.9,Sunny,W,5-10,759.1,29.8,8.48,6.6,160,80,,No,No,No,No,No,,No scum present,
2026-05-29,11:00:00,Site #3 - Lacamas Shores Boat Launch,12,Cloudy,NW,5-10,757.4,18.8,8.52,9.5,100,50,0.04,No,Yes,No,No,No,No,,106.68
2026-06-03,10:15:00,Site #6 - Vancouver Lake Rowing Club,18,Cloudy,SW,0-5,764.1,18,7.8,9.1,167,83.5,0.08,Yes,Yes,No,No,No,No,"Dolicho in protocol, aphan (just one)and dolicho in trawl.",50
2026-06-03,11:30:00,Site #8 - Vancouver Lake Felida Moorage,19.2,Cloudy,E,0-5,764.5,20.6,8.87,10.7,172.6,86.3,0.08,No,No,No,No,No,No,,70
2026-06-04,11:00:00,Site #6 - Vancouver Lake Rowing Club,16,Mostly Cloudy,W,0-5,766.7,21,8.47,8.4,174.2,87.3,0.09,No,No,No,No,No,No,"No species was identified in the protocol sample... some species were identified in the trolling sample... Ritifer, Star Diatom, Dolchermun.",47
2026-06-05,18:30:00,Site #3 - Lacamas Shores Boat Launch,17,Mostly Cloudy,NW,5-10,755.2,20.3,9.03,10.8,103.6,51.8,0.05,No,Yes,No,No,No,No,,121.92
2021-08-05,14:00:00,Site #1 - East Boat Launch,25.7,Cloudy,W,0-5,761.1,26.8,9.3,10.2,152,76,,No,Yes,Yes,No,No,,Identified Dolichospermum and Microcystis. Abundance slide negative. Pictures sent to Rodger.,
2026-06-10,10:10:00,Site #6 - Vancouver Lake Rowing Club,15,Mostly Cloudy,N,0-5,767.4,18.1,8.2,7.7,168.7,84.4,0.08,Yes,Yes,No,No,No,No,"Aphaniz only in trawl, Dolicho elevated in trawl, present in protocol.  Tons of chained diatoms. ",34.98
2026-06-11,11:00:00,Site #7 - Vancouver Lake Sailing Club,18,Sunny,No Wind,0-5,762.4,22,8.61,7.3,173.4,,0.08,No,Yes,No,No,No,No,,40
2026-06-11,16:25:00,Site #3 - Lacamas Shores Boat Launch,22,Sunny,W,5-10,757.9,21.8,9.29,11.3,104.6,52.2,0.05,No,Yes,No,No,No,No,,121.92
2021-07-29,13:30:00,Site #1 - East Boat Launch,26.7,Sunny,W,0-5,760.1,27.8,8.7,4.5,152,76,,No,No,No,No,No,,weather/water warm no scum,
2026-06-17,14:30:00,Site #6 - Vancouver Lake Rowing Club,23,Sunny,N,5-10,764.3,23.4,8.07,7.9,174,87,0.09,No,No,No,No,No,No,"Trawl sample had aphanizomenon, dolichospermum, microcyctis. ",40
2026-06-18,11:00:00,Site #7 - Vancouver Lake Sailing Club,20,Sunny,NW,5-10,761.1,22.1,8.4,6.8,179.8,90,0.09,No,No,No,No,No,No,"Trawl sample had Dolichospermum, Aphanizomenon & Planktothrix",40
2026-06-18,11:00:00,Site #7 - Vancouver Lake Sailing Club,20,Sunny,NW,5-10,761.1,22.1,8.4,6.8,179.8,90,0.09,No,No,No,No,No,No,"Trawl had Dolchiospermum, Aphanizomenon & Planktothrix",40
2026-06-18,11:50:00,Site #2 - Heritage Boat Launch,21.1,Partly Cloudy,W,0-5,757,23.4,9.35,9.6,105.1,52.7,0.05,No,Yes,No,No,No,No,"Dolichospermum Abundance  - 7/64 in Protocol Sample

Aphanizomenon, Dolichospermum and Worohchinia observed in Trawl Sample",120
2026-06-18,18:00:00,Site #3 - Lacamas Shores Boat Launch,26,Mostly Cloudy,W,0-5,752.5,23.4,9.56,11.6,108.1,54,0.05,Yes,Yes,Yes,No,No,No,,91.4
2026-06-25,11:15:00,Site #6 - Vancouver Lake Rowing Club,17.8,Cloudy,W,0-5,758.3,22.9,9.15,8.3,178.4,89.3,0.08,Yes,Yes,No,No,No,No,Suspect PH reading may be off.,45
2026-06-25,11:30:00,Site #7 - Vancouver Lake Sailing Club,17,Cloudy,NW,0-5,758.4,24.4,8.02,5.7,200,103,0.11,Yes,Yes,No,No,No,No,increased presence,30
2026-06-25,23:00:00,Site #8 - Vancouver Lake Felida Moorage,16,Cloudy,E,0-5,755.6,23,8.46,9,189.9,94.9,0.09,Yes,No,No,No,No,No,,30
2026-06-25,15:23:00,Site #2 - Heritage Boat Launch,22.8,Cloudy,NE,0-5,754,24.4,9.2,8.1,107.8,53.9,0.05,No,Yes,No,No,No,No,"Dolichospermum Abundance in Protocol Sample 13/64

Aphanizomenon and Dolichospermum observed in trawl sample",100
2026-06-25,18:30:00,Site #3 - Lacamas Shores Boat Launch,20,Cloudy,W,0-5,751.9,23.7,9.5,8.8,106.5,53.3,0.05,Yes,Yes,Yes,No,No,No,,114.3
2026-07-01,10:15:00,Site #6 - Vancouver Lake Rowing Club,13.9,Cloudy,W,0-5,758,18.8,7.2,10.5,168,86,0.08,Yes,No,No,No,No,No,"Scattered green clumps in water. Trawl had a lot of aphanizomenon, a few dolichospermum",24.96
2026-07-02,11:15:00,Site #7 - Vancouver Lake Sailing Club,16,Partly Cloudy,W,0-5,763.5,19.8,7.82,9.1,190.8,97.8,0.09,Yes,Yes,Yes,Yes,Yes,No,"No species identified in protocol - Aphanizomenprotocoln, Dolichospermum, Microcystis, Planktothrix, Raphidiopsis, observed in the tolling sample.",50
2026-07-02,12:40:00,Site #2 - Heritage Boat Launch,18.3,Partly Cloudy,E,0-5,760,20.6,9.05,8.7,106.9,53.5,0.05,No,Yes,No,No,No,No,"Dolichospermumum Abundance 14/64 in Protocol Sample

Dolichospermum, Aphanizomenon and Woronchinia Observed in Trawl Sample",95
2026-07-02,18:00:00,Site #3 - Lacamas Shores Boat Launch,21,Partly Cloudy,W,0-5,757.1,21.8,9.02,9.1,110.7,55.3,0.05,No,Yes,Yes,No,No,No,,99.06
2026-07-08,11:15:00,Site #6 - Vancouver Lake Rowing Club,20,Partly Cloudy,NW,0-5,767.2,22.3,9.09,7.4,180.6,90.4,0.08,Yes,Yes,No,Yes,No,No,suspect pH meter needs recalibration,40
2026-07-09,11:00:00,Site #7 - Vancouver Lake Sailing Club,20.4,Sunny,W,0-5,764.6,22.2,8.16,6.2,198,100,0.11,Yes,Yes,No,No,No,No,,30
2026-07-09,11:20:00,Site #8 - Vancouver Lake Felida Moorage,17.7,Sunny,W,0-5,760,21.8,8.71,7.8,190.4,95.3,0.09,Yes,No,No,No,No,No,,25
2026-07-09,11:48:00,Site #2 - Heritage Boat Launch,22.6,Sunny,N,0-5,761,23.5,8.53,7.1,111.6,55.5,0.05,No,Yes,No,No,No,No,"Protocol Sample: Dolichospermum Abundance 5/64

Dolichospermum and a few Aphanizomenon observed in trawl sample",160
2021-07-22,13:55:00,Site #1 - East Boat Launch,23.9,Sunny,W,0-5,762,25.8,9.2,11.5,146,74,,No,No,No,No,No,,,
2026-07-10,14:00:00,Site #3 - Lacamas Shores Boat Launch,24,Sunny,SW,5-10,753.8,24.9,8.57,8.4,113.4,56.8,0.05,No,Yes,Yes,No,No,No,,115.8
2026-07-16,11:15:00,Site #7 - Vancouver Lake Sailing Club,18,Cloudy,NW,0-5,761.7,23.4,9.14,6.9,180.6,90.3,0.8,Yes,No,No,No,No,No,Blooms and scum observed,25
2026-07-16,14:50:00,Site #2 - Heritage Boat Launch,21.7,Mostly Cloudy,N,0-5,759,24.3,8,7.2,114.8,57.4,0.05,No,Yes,No,No,No,No,"Dolichospermum Abundance in Protocol Sample 2/64

Dolichospermum and Woronchinia observed in trawl sample

Water was quite a bit clearer than usual, Secchi 200cm ...maybe because of rain earlier in the day?",200
2026-07-16,17:35:00,Site #3 - Lacamas Shores Boat Launch,20.6,Mostly Cloudy,NW,0-5,720.6,23.7,8.34,8.2,116.3,58.1,0.05,No,Yes,Yes,No,No,No,Water quality much better this year. Seeing little to no increases in concerning phytoplankton at Lacamas Shores,128.02
2026-07-23,11:00:00,Site #7 - Vancouver Lake Sailing Club,21,Mostly Cloudy,W,0-5,762.7,25.3,8.88,7.4,186.2,93.3,0.09,No,No,No,No,No,No,Elevated Aphanizomenon in Trawl,25
2026-07-23,12:45:00,Site #2 - Heritage Boat Launch,26.6,Cloudy,N,0-5,760,25.7,8.66,7.2,116.7,58.4,0.05,No,Yes,No,No,No,No,"Dolichospermum Abundance in Protocol Sample 2/64

Trawl Sample contained Dolichospermum, Woronchinia, Aphanizomenon and Microcystis",160
2026-07-23,17:15:00,Site #3 - Lacamas Shores Boat Launch,26,Sunny,W,0-5,756.1,26.4,7.82,10.5,121.9,60.9,0.06,No,No,No,No,No,No,,91.44
2026-07-23,10:15:00,Site #6 - Vancouver Lake Rowing Club,18.3,Cloudy,NW,0-5,762.1,23.9,8.18,122.7,174,87,0.09,No,No,No,No,Yes,No,Only one Raphidiopsis. Otherwise very clean protocol sample other than plastics. Lots of aphanizomenon and chained diatoms in the trawl sample. ,18
2021-07-15,14:34:00,Site #1 - East Boat Launch,23,Sunny,W,0-5,762.5,25,8.9,10.3,146,74,,No,No,No,No,No,,,
2026-07-30,11:30:00,Site #6 - Vancouver Lake Rowing Club,20,Sunny,SW,0-5,762.7,24.4,7.8,8.6,176.8,86,0.08,Yes,Yes,No,No,No,No,,40
2026-07-30,11:00:00,Site #7 - Vancouver Lake Sailing Club,19,Sunny,W,0-5,764,24.3,8.53,8.2,186.5,92,0.09,Yes,Yes,No,No,No,No,,25
2026-07-30,12:06:00,Site #2 - Heritage Boat Launch,22.8,Sunny,NE,0-5,760,24.8,8.56,8.7,121,60.5,0.05,No,Yes,Yes,No,No,No,"Protocol Abundance
Dolichospermum 3/64
Microcystis 1/64

Dolichospermum, Aphanizomenon, Microcystis and Woronchinia observed in the trawl sample",150
2021-07-08,15:42:00,Site #1 - East Boat Launch,25,Sunny,SW,5-10,761.8,26,9,9.5,154,77,,No,Yes,No,No,No,,Abundance slide showed no elevated Dolichospermum.,
2026-07-30,18:00:00,Site #3 - Lacamas Shores Boat Launch,26,Sunny,W,5-10,757.3,25.2,8.63,9.6,123.9,61.9,0.06,Yes,Yes,Yes,No,No,No,,106.68
2026-08-05,9:30:00,Site #6 - Vancouver Lake Rowing Club,20.5,Cloudy,NE,0-5,759.4,21.6,7.92,7.7,178.5,88,0.08,Yes,No,No,No,No,No,"Scum on surface. Elevated Aphanizomenon, dilcospermum, and possibly Microcystis found in trawl sample. Only Aphanizomenon found in Protocol. Ash and smoke in air, Air Quality 156 during data collection.",20
2026-08-06,11:00:00,Site #7 - Vancouver Lake Sailing Club,24,Sunny,W,0-5,760.6,24.4,7.79,1.8,243,122,0.13,Yes,No,No,No,No,No,,25
2026-08-06,11:32:00,Site #8 - Vancouver Lake Felida Moorage,25,Cloudy,NW,0-5,761,22.6,9.16,8.8,180.5,90.2,0.08,No,Yes,Yes,Yes,Yes,No,Heavy presence of Aphanizomenon in trawl. Heavy scum on surface.,36
2026-08-12,10:00:00,Site #6 - Vancouver Lake Rowing Club,20,Cloudy,No Wind,0-5,762.7,22.3,7.79,6.7,174.4,87.3,0.08,Yes,Yes,No,No,No,No,,30
2026-08-13,12:15:00,Site #2 - Heritage Boat Launch,22.1,Sunny,N,0-5,755,23.7,8.23,7.5,124.8,62.4,0.05,No,No,No,No,No,No,"Some Dolichospermum, Aphanizomenon and Woronchinia in the trawl sample, but not as much as a few weeks ago",140
2026-08-14,17:10:00,Site #3 - Lacamas Shores Boat Launch,26,Sunny,W,0-5,753.4,24.8,8.84,9.2,126.2,62.7,0.06,Yes,Yes,Yes,No,No,No,Flagillaria present in surface sample,60.7
2026-08-19,14:00:00,Site #6 - Vancouver Lake Rowing Club,25,Sunny,N,0-5,762,24.3,8.23,9.5,177.7,88.7,0.08,Yes,Yes,Yes,No,No,No,Dolicho and Microcystis only in trawl. Elevated chained diatoms. Lots of debris on the upper slide layers- wildfire ash? ,25
2026-08-20,11:00:00,Site #7 - Vancouver Lake Sailing Club,22,Sunny,W,0-5,759.9,22,8.32,4.1,257,128,0.14,No,No,No,No,No,No,,25
2026-08-20,12:30:00,Site #2 - Heritage Boat Launch,27.5,Sunny,N,0-5,757,24.7,8.53,8.5,126.2,63.1,0.05,Yes,No,No,No,No,No,"Aphanizomenon Abundance in Protocol sample 1/64

Aphanizomenon, Dolichospermum, Woronchinia and Microcystis observed in trawl sample.
Lake is still fairly clear @150cm Secchi",150
2026-08-20,17:15:00,Site #3 - Lacamas Shores Boat Launch,33,Sunny,NW,0-5,752.7,26.7,8.76,8.8,128.9,64.4,0.06,Yes,Yes,No,No,No,No,,121.92
2021-07-01,14:10:00,Site #1 - East Boat Launch,25.5,Cloudy,N,0-5,761.7,25,8.9,9.7,154,77,,No,No,No,No,No,,Water was calm. Test taken following extreme heat event. No target species found.,
2021-06-24,15:30:00,Site #1 - East Boat Launch,28.7,Sunny,NW,5-10,761.3,26.4,8.44,11.2,140,70,,No,No,No,No,No,,Warm weather and water clear. No target species found.,
2026-08-27,12:30:00,Site #6 - Vancouver Lake Rowing Club,24.5,Partly Cloudy,SW,0-5,763.3,23.4,8.82,5.6,177.6,88.6,0.08,No,No,No,No,No,No,,20
2026-08-27,13:30:00,Site #2 - Heritage Boat Launch,24.4,Partly Cloudy,N,0-5,759,24.9,8.35,7.9,127.4,63.6,0.06,No,Yes,No,No,No,No,"Protocol Sample Dolichospermum Abundance 5/64

Aphanizomenon, Dolichospermum, Microcystis and Woronchinia observed in the trawl sample",155
2026-08-27,17:10:00,Site #3 - Lacamas Shores Boat Launch,24,Partly Cloudy,NW,5-10,756.8,24,8.06,9.4,132.7,66.2,0.06,No,Yes,Yes,No,No,No,Increase of Dolichospermum and Aphanizomenon in trawl sample,99.06
2026-08-27,11:00:00,Site #8 - Vancouver Lake Felida Moorage,21.6,Sunny,NE,0-5,762,22.9,10.15,10.3,172.1,86.1,0.08,No,Yes,No,No,No,No,I only saw one dolichospermum in the protocol slide,35
2026-08-27,11:30:00,Site #7 - Vancouver Lake Sailing Club,21,Sunny,SW,0-5,763.8,24.9,8.89,8,185.7,96.6,0.1,Yes,Yes,Yes,No,No,No,,20
2021-06-17,13:43:00,Site #1 - East Boat Launch,22.6,Sunny,W,5-10,764.2,23.4,7.9,8.3,132,66,,No,No,No,No,No,,Water was clear and choppy from the wind and boats,
2026-09-02,10:30:00,Site #6 - Vancouver Lake Rowing Club,17.2,Rain,S,10-15,754.9,20.1,7.34,,183.8,91.2,0.08,No,No,No,No,No,No,Protocol had no cyanos. Trawl had moderate aph and low microcystis,
2026-09-03,11:15:00,Site #7 - Vancouver Lake Sailing Club,15.2,Rain,SW,0-5,757.6,19.2,8,8.2,185,95.5,0.98,No,No,No,No,No,No,"Troll Sample Centric Diatomes, Pennate Diatoms, Dinoflagellates",30
2021-06-10,11:25:00,Site #1 - East Boat Launch,19.2,Cloudy,S,0-5,767,18.8,9.1,7.5,122,61,,No,No,No,No,No,,Cool/Cloudy with rain in the area,
2026-09-10,11:00:00,Site #8 - Vancouver Lake Felida Moorage,21.1,Sunny,NW,0-5,759.9,20.6,9.55,9.1,172,87,0.09,No,No,No,No,No,No,,28
2026-09-10,11:00:00,Site #7 - Vancouver Lake Sailing Club,23.6,Sunny,NW,0-5,762.1,22.6,9.5,3,197,98,0.12,No,No,No,No,No,No,,25
2026-09-17,11:00:00,Site #8 - Vancouver Lake Felida Moorage,18.8,Sunny,NW,0-5,763.2,19,8.8,9.3,199.1,99.5,0.09,No,No,No,No,No,No,,24
2026-09-17,11:00:00,Site #6 - Vancouver Lake Rowing Club,18.9,Sunny,No Wind,0-5,761.2,20.1,7.66,8.2,190.2,95.1,0.09,Yes,No,No,Yes,No,No,"Trawl sample has: Aphan, Dolicho,Microcystis, & Plank",22
2026-09-17,11:00:00,Site #6 - Vancouver Lake Rowing Club,21,Sunny,SW,0-5,761.7,21,7.56,3.1,295,146,0.15,No,No,No,No,No,No,"Microcystis, Aphanizomenon & Dolichospermum in Trawl",25
2026-09-17,13:30:00,Site #2 - Heritage Boat Launch,26.7,Sunny,N,0-5,758,20.3,7.49,7.6,131.5,66,0.06,No,Yes,No,No,No,Yes,"Protocol Sample Abundance
Dolichospermum 9/64
Woronchinia 1/64

Dolichospermum, Aphanizomenon and Woronchinia observed in Trawl Sample
We took a sample of the water beyond the fence in the Cove area.  A lot of Dolichospermum and Woronchina present",150
2026-09-17,15:00:00,Site #3 - Lacamas Shores Boat Launch,28,Sunny,NW,5-10,755.8,22.1,7.79,8.6,134.5,67.3,0.06,Yes,Elevated,No,No,No,No,Trawl sample was extremely elevated with Dolichospermum with addition of Woronichinia and Microcystis,114.3
2021-06-03,13:37:00,Site #1 - East Boat Launch,24.4,Sunny,W,5-10,760,25,9.1,7.1,132,66,,No,No,No,No,No,,No target species found,
2021-05-27,12:08:00,Site #1 - East Boat Launch,18,Cloudy,SE,5-10,1017,17.6,9.2,7.1,110,55,,No,No,No,No,No,,,
2021-05-13,14:27:00,Site #1 - East Boat Launch,22.6,Partly Cloudy,W,0-5,1018,22.8,9,8.9,116,7.3,,No,No,No,No,No,,,
2026-09-18,12:21:00,Site #5 - Fallen Leaf Lake,,Cloudy,NW,0-5,769.1,19.3,7.78,8.8,90.4,45.2,0.04,No,Yes,No,No,No,No,"Side Dolichospermum only. Low Water level. 
Trawl also had aphanizomenon, Pennate (fragilaria), Dinoflagellate (ceratium), Ciliate, and Zooplankton.",